"DateTime","Users","Average Users"
"2020-08-18 00:00:00",1,
"2020-08-19 00:00:00",2,
"2020-08-20 00:00:00",1,
"2020-08-21 00:00:00",1,
"2020-08-22 00:00:00",2,
"2020-08-23 00:00:00",2,
"2020-08-24 00:00:00",2,
"2020-08-25 00:00:00",3,
"2020-08-26 00:00:00",2,
"2020-08-27 00:00:00",2,
"2020-08-28 00:00:00",3,
"2020-08-29 00:00:00",4,
"2020-08-30 00:00:00",5,
"2020-08-31 00:00:00",3,
"2020-09-01 00:00:00",4,
"2020-09-02 00:00:00",4,
"2020-09-03 00:00:00",4,
"2020-09-04 00:00:00",5,
"2020-09-05 00:00:00",5,
"2020-09-06 00:00:00",4,
"2020-09-07 00:00:00",2,
"2020-09-08 00:00:00",3,
"2020-09-09 00:00:00",5,
"2020-09-10 00:00:00",3,
"2020-09-11 00:00:00",3,
"2020-09-12 00:00:00",3,
"2020-09-13 00:00:00",4,
"2020-09-14 00:00:00",3,
"2020-09-15 00:00:00",3,
"2020-09-16 00:00:00",4,
"2020-09-17 00:00:00",3,
"2020-09-18 00:00:00",4,
"2020-09-19 00:00:00",5,
"2020-09-20 00:00:00",2,
"2020-09-21 00:00:00",3,
"2020-09-22 00:00:00",2,
"2020-09-23 00:00:00",3,
"2020-09-24 00:00:00",4,
"2020-09-25 00:00:00",5,
"2020-09-26 00:00:00",3,
"2020-09-27 00:00:00",4,
"2020-09-28 00:00:00",2,
"2020-09-29 00:00:00",2,
"2020-09-30 00:00:00",1,
"2020-10-01 00:00:00",2,
"2020-10-02 00:00:00",2,
"2020-10-03 00:00:00",4,
"2020-10-04 00:00:00",3,
"2020-10-05 00:00:00",2,
"2020-10-06 00:00:00",4,
"2020-10-07 00:00:00",5,
"2020-10-08 00:00:00",5,
"2020-10-09 00:00:00",5,
"2020-10-10 00:00:00",5,
"2020-10-11 00:00:00",5,
"2020-10-12 00:00:00",4,
"2020-10-13 00:00:00",3,
"2020-10-14 00:00:00",4,
"2020-10-15 00:00:00",6,
"2020-10-16 00:00:00",5,
"2020-10-17 00:00:00",5,
"2020-10-18 00:00:00",4,
"2020-10-19 00:00:00",4,
"2020-10-20 00:00:00",6,
"2020-10-21 00:00:00",4,
"2020-10-22 00:00:00",3,
"2020-10-23 00:00:00",4,
"2020-10-24 00:00:00",3,
"2020-10-25 00:00:00",3,
"2020-10-26 00:00:00",4,
"2020-10-27 00:00:00",3,
"2020-10-28 00:00:00",3,
"2020-10-29 00:00:00",8,
"2020-10-30 00:00:00",8,
"2020-10-31 00:00:00",5,
"2020-11-01 00:00:00",5,
"2020-11-02 00:00:00",5,
"2020-11-03 00:00:00",4,
"2020-11-04 00:00:00",6,
"2020-11-05 00:00:00",4,
"2020-11-06 00:00:00",3,
"2020-11-07 00:00:00",4,
"2020-11-08 00:00:00",4,
"2020-11-09 00:00:00",6,
"2020-11-10 00:00:00",5,
"2020-11-11 00:00:00",6,
"2020-11-12 00:00:00",8,
"2020-11-13 00:00:00",5,
"2020-11-14 00:00:00",9,
"2020-11-15 00:00:00",7,
"2020-11-16 00:00:00",8,
"2020-11-17 00:00:00",9,
"2020-11-18 00:00:00",9,
"2020-11-19 00:00:00",8,
"2020-11-20 00:00:00",7,
"2020-11-21 00:00:00",7,
"2020-11-22 00:00:00",6,
"2020-11-23 00:00:00",8,
"2020-11-24 00:00:00",9,
"2020-11-25 00:00:00",9,
"2020-11-26 00:00:00",10,
"2020-11-27 00:00:00",11,
"2020-11-28 00:00:00",10,
"2020-11-29 00:00:00",8,
"2020-11-30 00:00:00",13,
"2020-12-01 00:00:00",9,
"2020-12-02 00:00:00",9,
"2020-12-03 00:00:00",12,
"2020-12-04 00:00:00",13,
"2020-12-05 00:00:00",29,
"2020-12-06 00:00:00",21,
"2020-12-07 00:00:00",21,
"2020-12-08 00:00:00",23,
"2020-12-09 00:00:00",23,
"2020-12-10 00:00:00",19,
"2020-12-11 00:00:00",24,
"2020-12-12 00:00:00",20,
"2020-12-13 00:00:00",23,
"2020-12-14 00:00:00",15,
"2020-12-15 00:00:00",21,
"2020-12-16 00:00:00",25,
"2020-12-17 00:00:00",24,
"2020-12-18 00:00:00",21,
"2020-12-19 00:00:00",20,
"2020-12-20 00:00:00",19,
"2020-12-21 00:00:00",18,
"2020-12-22 00:00:00",16,
"2020-12-23 00:00:00",16,
"2020-12-24 00:00:00",16,
"2020-12-25 00:00:00",15,
"2020-12-26 00:00:00",13,
"2020-12-27 00:00:00",19,
"2020-12-28 00:00:00",20,
"2020-12-29 00:00:00",22,
"2020-12-30 00:00:00",23,
"2020-12-31 00:00:00",19,
"2021-01-01 00:00:00",15,
"2021-01-02 00:00:00",19,
"2021-01-03 00:00:00",22,
"2021-01-04 00:00:00",24,
"2021-01-05 00:00:00",21,
"2021-01-06 00:00:00",24,
"2021-01-07 00:00:00",22,
"2021-01-08 00:00:00",26,
"2021-01-09 00:00:00",25,
"2021-01-10 00:00:00",26,
"2021-01-11 00:00:00",30,
"2021-01-12 00:00:00",37,
"2021-01-13 00:00:00",41,
"2021-01-14 00:00:00",26,
"2021-01-15 00:00:00",32,
"2021-01-16 00:00:00",37,
"2021-01-17 00:00:00",34,
"2021-01-18 00:00:00",38,
"2021-01-19 00:00:00",35,
"2021-01-20 00:00:00",37,
"2021-01-21 00:00:00",38,
"2021-01-22 00:00:00",47,
"2021-01-23 00:00:00",39,
"2021-01-24 00:00:00",39,
"2021-01-25 00:00:00",42,
"2021-01-26 00:00:00",45,
"2021-01-27 00:00:00",41,
"2021-01-28 00:00:00",81,
"2021-01-29 00:00:00",82,
"2021-01-30 00:00:00",99,
"2021-01-31 00:00:00",106,
"2021-02-01 00:00:00",106,
"2021-02-02 00:00:00",115,
"2021-02-03 00:00:00",102,
"2021-02-04 00:00:00",113,
"2021-02-05 00:00:00",104,
"2021-02-06 00:00:00",96,
"2021-02-07 00:00:00",98,
"2021-02-08 00:00:00",90,
"2021-02-09 00:00:00",102,
"2021-02-10 00:00:00",106,
"2021-02-11 00:00:00",106,
"2021-02-12 00:00:00",133,
"2021-02-13 00:00:00",128,
"2021-02-14 00:00:00",140,
"2021-02-15 00:00:00",139,
"2021-02-16 00:00:00",154,
"2021-02-17 00:00:00",133,
"2021-02-18 00:00:00",135,
"2021-02-19 00:00:00",149,
"2021-02-20 00:00:00",157,
"2021-02-21 00:00:00",157,
"2021-02-22 00:00:00",154,
"2021-02-23 00:00:00",182,
"2021-02-24 00:00:00",145,
"2021-02-25 00:00:00",145,
"2021-02-26 00:00:00",163,
"2021-02-27 00:00:00",184,
"2021-02-28 00:00:00",167,
"2021-03-01 00:00:00",170,
"2021-03-02 00:00:00",182,
"2021-03-03 00:00:00",185,
"2021-03-04 00:00:00",188,
"2021-03-05 00:00:00",185,
"2021-03-06 00:00:00",189,
"2021-03-07 00:00:00",178,
"2021-03-08 00:00:00",177,
"2021-03-09 00:00:00",213,
"2021-03-10 00:00:00",185,
"2021-03-11 00:00:00",212,
"2021-03-12 00:00:00",258,
"2021-03-13 00:00:00",266,
"2021-03-14 00:00:00",292,
"2021-03-15 00:00:00",289,
"2021-03-16 00:00:00",297,
"2021-03-17 00:00:00",313,
"2021-03-18 00:00:00",289,
"2021-03-19 00:00:00",317,
"2021-03-20 00:00:00",298,
"2021-03-21 00:00:00",303,
"2021-03-22 00:00:00",296,
"2021-03-23 00:00:00",307,
"2021-03-24 00:00:00",332,
"2021-03-25 00:00:00",297,
"2021-03-26 00:00:00",312,
"2021-03-27 00:00:00",321,
"2021-03-28 00:00:00",330,
"2021-03-29 00:00:00",313,
"2021-03-30 00:00:00",308,
"2021-03-31 00:00:00",313,
"2021-04-01 00:00:00",337,
"2021-04-02 00:00:00",323,
"2021-04-03 00:00:00",329,
"2021-04-04 00:00:00",325,
"2021-04-05 00:00:00",321,
"2021-04-06 00:00:00",339,
"2021-04-07 00:00:00",366,
"2021-04-08 00:00:00",340,
"2021-04-09 00:00:00",364,
"2021-04-10 00:00:00",382,
"2021-04-11 00:00:00",354,
"2021-04-12 00:00:00",393,
"2021-04-13 00:00:00",368,
"2021-04-14 00:00:00",375,
"2021-04-15 00:00:00",357,
"2021-04-16 00:00:00",352,
"2021-04-17 00:00:00",389,
"2021-04-18 00:00:00",399,
"2021-04-19 00:00:00",352,
"2021-04-20 00:00:00",391,
"2021-04-21 00:00:00",415,
"2021-04-22 00:00:00",386,
"2021-04-23 00:00:00",397,
"2021-04-24 00:00:00",408,
"2021-04-25 00:00:00",402,
"2021-04-26 00:00:00",464,
"2021-04-27 00:00:00",411,
"2021-04-28 00:00:00",429,
"2021-04-29 00:00:00",419,
"2021-04-30 00:00:00",397,
"2021-05-01 00:00:00",451,
"2021-05-02 00:00:00",431,
"2021-05-03 00:00:00",433,
"2021-05-04 00:00:00",434,
"2021-05-05 00:00:00",437,
"2021-05-06 00:00:00",475,
"2021-05-07 00:00:00",446,
"2021-05-08 00:00:00",438,
"2021-05-09 00:00:00",425,
"2021-05-10 00:00:00",451,
"2021-05-11 00:00:00",468,
"2021-05-12 00:00:00",476,
"2021-05-13 00:00:00",445,
"2021-05-14 00:00:00",485,
"2021-05-15 00:00:00",448,
"2021-05-16 00:00:00",458,
"2021-05-17 00:00:00",458,
"2021-05-18 00:00:00",509,
"2021-05-19 00:00:00",488,
"2021-05-20 00:00:00",467,
"2021-05-21 00:00:00",495,
"2021-05-22 00:00:00",471,
"2021-05-23 00:00:00",500,
"2021-05-24 00:00:00",465,
"2021-05-25 00:00:00",496,
"2021-05-26 00:00:00",513,
"2021-05-27 00:00:00",491,
"2021-05-28 00:00:00",489,
"2021-05-29 00:00:00",505,
"2021-05-30 00:00:00",476,
"2021-05-31 00:00:00",442,
"2021-06-01 00:00:00",528,
"2021-06-02 00:00:00",540,
"2021-06-03 00:00:00",588,
"2021-06-04 00:00:00",484,
"2021-06-05 00:00:00",480,
"2021-06-06 00:00:00",530,
"2021-06-07 00:00:00",519,
"2021-06-08 00:00:00",557,
"2021-06-09 00:00:00",530,
"2021-06-10 00:00:00",490,
"2021-06-11 00:00:00",499,
"2021-06-12 00:00:00",525,
"2021-06-13 00:00:00",550,
"2021-06-14 00:00:00",531,
"2021-06-15 00:00:00",600,
"2021-06-16 00:00:00",606,
"2021-06-17 00:00:00",567,
"2021-06-18 00:00:00",616,
"2021-06-19 00:00:00",615,
"2021-06-20 00:00:00",602,
"2021-06-21 00:00:00",591,
"2021-06-22 00:00:00",684,
"2021-06-23 00:00:00",643,
"2021-06-24 00:00:00",617,
"2021-06-25 00:00:00",653,
"2021-06-26 00:00:00",664,
"2021-06-27 00:00:00",675,
"2021-06-28 00:00:00",647,
"2021-06-29 00:00:00",658,
"2021-06-30 00:00:00",740,
"2021-07-01 00:00:00",871,
"2021-07-02 00:00:00",738,
"2021-07-03 00:00:00",716,
"2021-07-04 00:00:00",751,
"2021-07-05 00:00:00",811,
"2021-07-06 00:00:00",896,
"2021-07-07 00:00:00",1041,
"2021-07-08 00:00:00",1037,
"2021-07-09 00:00:00",961,
"2021-07-10 00:00:00",934,
"2021-07-11 00:00:00",976,
"2021-07-12 00:00:00",935,
"2021-07-13 00:00:00",974,
"2021-07-14 00:00:00",977,
"2021-07-15 00:00:00",986,
"2021-07-16 00:00:00",960,
"2021-07-17 00:00:00",972,
"2021-07-18 00:00:00",975,
"2021-07-19 00:00:00",1022,
"2021-07-20 00:00:00",1022,
"2021-07-21 00:00:00",998,
"2021-07-22 00:00:00",947,
"2021-07-23 00:00:00",953,
"2021-07-24 00:00:00",962,
"2021-07-25 00:00:00",970,
"2021-07-26 00:00:00",967,
"2021-07-27 00:00:00",1097,
"2021-07-28 00:00:00",1034,
"2021-07-29 00:00:00",1009,
"2021-07-30 00:00:00",1139,
"2021-07-31 00:00:00",1050,
"2021-08-01 00:00:00",998,
"2021-08-02 00:00:00",992,
"2021-08-03 00:00:00",1138,
"2021-08-04 00:00:00",1181,
"2021-08-05 00:00:00",1247,
"2021-08-06 00:00:00",1111,
"2021-08-07 00:00:00",1136,
"2021-08-08 00:00:00",1086,
"2021-08-09 00:00:00",1071,
"2021-08-10 00:00:00",1161,
"2021-08-11 00:00:00",1092,
"2021-08-12 00:00:00",1093,
"2021-08-13 00:00:00",1041,
"2021-08-14 00:00:00",1039,
"2021-08-15 00:00:00",1059,
"2021-08-16 00:00:00",1047,
"2021-08-17 00:00:00",1178,
"2021-08-18 00:00:00",1110,
"2021-08-19 00:00:00",1059,
"2021-08-20 00:00:00",1095,
"2021-08-21 00:00:00",1099,
"2021-08-22 00:00:00",1187,
"2021-08-23 00:00:00",1137,
"2021-08-24 00:00:00",1102,
"2021-08-25 00:00:00",1208,
"2021-08-26 00:00:00",1133,
"2021-08-27 00:00:00",1075,
"2021-08-28 00:00:00",1153,
"2021-08-29 00:00:00",1160,
"2021-08-30 00:00:00",1081,
"2021-08-31 00:00:00",1110,
"2021-09-01 00:00:00",1077,
"2021-09-02 00:00:00",1205,
"2021-09-03 00:00:00",1098,
"2021-09-04 00:00:00",1134,
"2021-09-05 00:00:00",1147,
"2021-09-06 00:00:00",1074,
"2021-09-07 00:00:00",1107,
"2021-09-08 00:00:00",1085,
"2021-09-09 00:00:00",993,
"2021-09-10 00:00:00",1026,
"2021-09-11 00:00:00",1133,
"2021-09-12 00:00:00",1187,
"2021-09-13 00:00:00",986,
"2021-09-14 00:00:00",969,
"2021-09-15 00:00:00",992,
"2021-09-16 00:00:00",966,
"2021-09-17 00:00:00",1004,
"2021-09-18 00:00:00",1130,
"2021-09-19 00:00:00",1177,
"2021-09-20 00:00:00",1109,
"2021-09-21 00:00:00",1039,
"2021-09-22 00:00:00",1019,
"2021-09-23 00:00:00",1028,
"2021-09-24 00:00:00",1187,
"2021-09-25 00:00:00",1210,
"2021-09-26 00:00:00",1173,
"2021-09-27 00:00:00",1024,
"2021-09-28 00:00:00",1073,
"2021-09-29 00:00:00",1031,
"2021-09-30 00:00:00",1017,
"2021-10-01 00:00:00",1010,
"2021-10-02 00:00:00",1141,
"2021-10-03 00:00:00",1179,
"2021-10-04 00:00:00",970,
"2021-10-05 00:00:00",974,
"2021-10-06 00:00:00",993,
"2021-10-07 00:00:00",1067,
"2021-10-08 00:00:00",1124,
"2021-10-09 00:00:00",1131,
"2021-10-10 00:00:00",1123,
"2021-10-11 00:00:00",1037,
"2021-10-12 00:00:00",983,
"2021-10-13 00:00:00",977,
"2021-10-14 00:00:00",947,
"2021-10-15 00:00:00",1054,
"2021-10-16 00:00:00",1157,
"2021-10-17 00:00:00",1135,
"2021-10-18 00:00:00",1037,
"2021-10-19 00:00:00",1021,
"2021-10-20 00:00:00",1016,
"2021-10-21 00:00:00",1070,
"2021-10-22 00:00:00",1090,
"2021-10-23 00:00:00",1217,
"2021-10-24 00:00:00",1225,
"2021-10-25 00:00:00",1048,
"2021-10-26 00:00:00",1064,
"2021-10-27 00:00:00",1151,
"2021-10-28 00:00:00",1222,
"2021-10-29 00:00:00",1115,
"2021-10-30 00:00:00",1202,
"2021-10-31 00:00:00",1280,
"2021-11-01 00:00:00",1197,
"2021-11-02 00:00:00",1182,
"2021-11-03 00:00:00",1189,
"2021-11-04 00:00:00",1374,
"2021-11-05 00:00:00",1194,
"2021-11-06 00:00:00",1415,
"2021-11-07 00:00:00",1323,
"2021-11-08 00:00:00",1075,
"2021-11-09 00:00:00",1178,
"2021-11-10 00:00:00",1070,
"2021-11-11 00:00:00",1136,
"2021-11-12 00:00:00",1178,
"2021-11-13 00:00:00",1308,
"2021-11-14 00:00:00",1328,
"2021-11-15 00:00:00",1198,
"2021-11-16 00:00:00",1172,
"2021-11-17 00:00:00",1250,
"2021-11-18 00:00:00",1333,
"2021-11-19 00:00:00",1255,
"2021-11-20 00:00:00",1387,
"2021-11-21 00:00:00",1364,
"2021-11-22 00:00:00",1270,
"2021-11-23 00:00:00",1345,
"2021-11-24 00:00:00",1396,
"2021-11-25 00:00:00",1348,
"2021-11-26 00:00:00",1482,
"2021-11-27 00:00:00",1535,
"2021-11-28 00:00:00",1563,
"2021-11-29 00:00:00",1481,
"2021-11-30 00:00:00",1369,
"2021-12-01 00:00:00",1435,
"2021-12-02 00:00:00",1826,
"2021-12-03 00:00:00",1442,
"2021-12-04 00:00:00",1637,
"2021-12-05 00:00:00",1605,
"2021-12-06 00:00:00",1373,
"2021-12-07 00:00:00",1444,
"2021-12-08 00:00:00",1449,
"2021-12-09 00:00:00",1407,
"2021-12-10 00:00:00",1504,
"2021-12-11 00:00:00",1678,
"2021-12-12 00:00:00",1717,
"2021-12-13 00:00:00",1491,
"2021-12-14 00:00:00",1486,
"2021-12-15 00:00:00",1515,
"2021-12-16 00:00:00",1689,
"2021-12-17 00:00:00",1528,
"2021-12-18 00:00:00",1595,
"2021-12-19 00:00:00",1635,
"2021-12-20 00:00:00",1677,
"2021-12-21 00:00:00",1810,
"2021-12-22 00:00:00",1759,
"2021-12-23 00:00:00",1714,
"2021-12-24 00:00:00",1712,
"2021-12-25 00:00:00",1703,
"2021-12-26 00:00:00",1781,
"2021-12-27 00:00:00",1759,
"2021-12-28 00:00:00",1886,
"2021-12-29 00:00:00",1812,
"2021-12-30 00:00:00",1847,
"2021-12-31 00:00:00",1793,
"2022-01-01 00:00:00",1875,
"2022-01-02 00:00:00",2037,
"2022-01-03 00:00:00",1984,
"2022-01-04 00:00:00",1990,
"2022-01-05 00:00:00",2254,
"2022-01-06 00:00:00",2375,
"2022-01-07 00:00:00",2070,
"2022-01-08 00:00:00",2204,
"2022-01-09 00:00:00",2262,
"2022-01-10 00:00:00",2096,
"2022-01-11 00:00:00",2094,
"2022-01-12 00:00:00",2077,
"2022-01-13 00:00:00",2044,
"2022-01-14 00:00:00",2151,
"2022-01-15 00:00:00",2362,
"2022-01-16 00:00:00",2349,
"2022-01-17 00:00:00",2273,
"2022-01-18 00:00:00",2125,
"2022-01-19 00:00:00",2105,
"2022-01-20 00:00:00",2200,
"2022-01-21 00:00:00",2242,
"2022-01-22 00:00:00",2443,
"2022-01-23 00:00:00",2499,
"2022-01-24 00:00:00",2316,
"2022-01-25 00:00:00",2222,
"2022-01-26 00:00:00",2373,
"2022-01-27 00:00:00",2331,
"2022-01-28 00:00:00",2679,
"2022-01-29 00:00:00",2657,
"2022-01-30 00:00:00",2760,
"2022-01-31 00:00:00",2442,
"2022-02-01 00:00:00",2532,
"2022-02-02 00:00:00",2606,
"2022-02-03 00:00:00",3135,
"2022-02-04 00:00:00",2747,
"2022-02-05 00:00:00",2832,
"2022-02-06 00:00:00",2920,
"2022-02-07 00:00:00",2562,
"2022-02-08 00:00:00",2605,
"2022-02-09 00:00:00",2510,
"2022-02-10 00:00:00",2420,
"2022-02-11 00:00:00",2487,
"2022-02-12 00:00:00",2741,
"2022-02-13 00:00:00",2766,
"2022-02-14 00:00:00",2425,
"2022-02-15 00:00:00",2441,
"2022-02-16 00:00:00",2451,
"2022-02-17 00:00:00",2462,
"2022-02-18 00:00:00",2678,
"2022-02-19 00:00:00",2824,
"2022-02-20 00:00:00",2904,
"2022-02-21 00:00:00",2793,
"2022-02-22 00:00:00",2688,
"2022-02-23 00:00:00",2631,
"2022-02-24 00:00:00",2516,
"2022-02-25 00:00:00",2668,
"2022-02-26 00:00:00",2895,
"2022-02-27 00:00:00",3020,
"2022-02-28 00:00:00",2623,
"2022-03-01 00:00:00",2613,
"2022-03-02 00:00:00",2555,
"2022-03-03 00:00:00",3035,
"2022-03-04 00:00:00",2602,
"2022-03-05 00:00:00",2909,
"2022-03-06 00:00:00",2895,
"2022-03-07 00:00:00",2594,
"2022-03-08 00:00:00",2600,
"2022-03-09 00:00:00",2497,
"2022-03-10 00:00:00",2450,
"2022-03-11 00:00:00",2592,
"2022-03-12 00:00:00",3140,
"2022-03-13 00:00:00",3019,
"2022-03-14 00:00:00",2886,
"2022-03-15 00:00:00",2666,
"2022-03-16 00:00:00",2696,
"2022-03-17 00:00:00",2672,
"2022-03-18 00:00:00",2694,
"2022-03-19 00:00:00",2983,
"2022-03-20 00:00:00",3197,
"2022-03-21 00:00:00",2756,
"2022-03-22 00:00:00",2760,
"2022-03-23 00:00:00",2927,
"2022-03-24 00:00:00",2733,
"2022-03-25 00:00:00",2847,
"2022-03-26 00:00:00",3154,
"2022-03-27 00:00:00",3258,
"2022-03-28 00:00:00",2827,
"2022-03-29 00:00:00",2786,
"2022-03-30 00:00:00",2732,
"2022-03-31 00:00:00",2738,
"2022-04-01 00:00:00",2916,
"2022-04-02 00:00:00",3252,
"2022-04-03 00:00:00",3400,
"2022-04-04 00:00:00",2940,
"2022-04-05 00:00:00",2903,
"2022-04-06 00:00:00",2963,
"2022-04-07 00:00:00",3488,
"2022-04-08 00:00:00",3099,
"2022-04-09 00:00:00",3285,
"2022-04-10 00:00:00",3286,
"2022-04-11 00:00:00",3076,
"2022-04-12 00:00:00",3260,
"2022-04-13 00:00:00",3041,
"2022-04-14 00:00:00",2918,
"2022-04-15 00:00:00",3348,
"2022-04-16 00:00:00",3344,
"2022-04-17 00:00:00",3315,
"2022-04-18 00:00:00",3296,
"2022-04-19 00:00:00",3261,
"2022-04-20 00:00:00",3235,
"2022-04-21 00:00:00",2990,
"2022-04-22 00:00:00",3137,
"2022-04-23 00:00:00",3312,
"2022-04-24 00:00:00",3397,
"2022-04-25 00:00:00",2991,
"2022-04-26 00:00:00",3033,
"2022-04-27 00:00:00",3082,
"2022-04-28 00:00:00",3031,
"2022-04-29 00:00:00",3115,
"2022-04-30 00:00:00",3413,
"2022-05-01 00:00:00",3666,
"2022-05-02 00:00:00",3109,
"2022-05-03 00:00:00",3147,
"2022-05-04 00:00:00",3078,
"2022-05-05 00:00:00",3636,
"2022-05-06 00:00:00",3222,
"2022-05-07 00:00:00",3714,
"2022-05-08 00:00:00",3699,
"2022-05-09 00:00:00",3170,
"2022-05-10 00:00:00",3242,
"2022-05-11 00:00:00",3000,
"2022-05-12 00:00:00",2948,
"2022-05-13 00:00:00",3193,
"2022-05-14 00:00:00",3526,
"2022-05-15 00:00:00",3581,
"2022-05-16 00:00:00",3148,
"2022-05-17 00:00:00",3133,
"2022-05-18 00:00:00",3071,
"2022-05-19 00:00:00",3109,
"2022-05-20 00:00:00",3241,
"2022-05-21 00:00:00",3561,
"2022-05-22 00:00:00",3689,
"2022-05-23 00:00:00",3166,
"2022-05-24 00:00:00",3276,
"2022-05-25 00:00:00",3330,
"2022-05-26 00:00:00",3252,
"2022-05-27 00:00:00",3368,
"2022-05-28 00:00:00",3539,
"2022-05-29 00:00:00",3592,
"2022-05-30 00:00:00",3353,
"2022-05-31 00:00:00",3393,
"2022-06-01 00:00:00",3357,
"2022-06-02 00:00:00",3716,
"2022-06-03 00:00:00",3340,
"2022-06-04 00:00:00",3439,
"2022-06-05 00:00:00",3514,
"2022-06-06 00:00:00",3210,
"2022-06-07 00:00:00",3110,
"2022-06-08 00:00:00",3150,
"2022-06-09 00:00:00",3036,
"2022-06-10 00:00:00",3161,
"2022-06-11 00:00:00",3224,
"2022-06-12 00:00:00",3258,
"2022-06-13 00:00:00",3033,
"2022-06-14 00:00:00",3051,
"2022-06-15 00:00:00",2911,
"2022-06-16 00:00:00",2873,
"2022-06-17 00:00:00",2866,
"2022-06-18 00:00:00",3220,
"2022-06-19 00:00:00",3152,
"2022-06-20 00:00:00",2945,
"2022-06-21 00:00:00",2994,
"2022-06-22 00:00:00",3295,
"2022-06-23 00:00:00",2932,
"2022-06-24 00:00:00",3026,
"2022-06-25 00:00:00",3166,
"2022-06-26 00:00:00",3087,
"2022-06-27 00:00:00",3114,
"2022-06-28 00:00:00",3047,
"2022-06-29 00:00:00",3089,
"2022-06-30 00:00:00",2991,
"2022-07-01 00:00:00",3071,
"2022-07-02 00:00:00",3165,
"2022-07-03 00:00:00",3181,
"2022-07-04 00:00:00",3042,
"2022-07-05 00:00:00",3100,
"2022-07-06 00:00:00",3104,
"2022-07-07 00:00:00",3446,
"2022-07-08 00:00:00",3041,
"2022-07-09 00:00:00",3248,
"2022-07-10 00:00:00",3322,
"2022-07-11 00:00:00",3097,
"2022-07-12 00:00:00",3323,
"2022-07-13 00:00:00",3329,
"2022-07-14 00:00:00",2994,
"2022-07-15 00:00:00",3045,
"2022-07-16 00:00:00",3055,
"2022-07-17 00:00:00",3139,
"2022-07-18 00:00:00",3238,
"2022-07-19 00:00:00",3287,
"2022-07-20 00:00:00",3022,
"2022-07-21 00:00:00",3162,
"2022-07-22 00:00:00",3205,
"2022-07-23 00:00:00",3166,
"2022-07-24 00:00:00",3267,
"2022-07-25 00:00:00",3193,
"2022-07-26 00:00:00",3368,
"2022-07-27 00:00:00",3189,
"2022-07-28 00:00:00",3097,
"2022-07-29 00:00:00",3121,
"2022-07-30 00:00:00",3377,
"2022-07-31 00:00:00",3361,
"2022-08-01 00:00:00",3285,
"2022-08-02 00:00:00",3453,
"2022-08-03 00:00:00",3328,
"2022-08-04 00:00:00",3741,
"2022-08-05 00:00:00",3440,
"2022-08-06 00:00:00",3475,
"2022-08-07 00:00:00",3593,
"2022-08-08 00:00:00",3400,
"2022-08-09 00:00:00",3578,
"2022-08-10 00:00:00",3520,
"2022-08-11 00:00:00",3395,
"2022-08-12 00:00:00",3515,
"2022-08-13 00:00:00",3647,
"2022-08-14 00:00:00",3606,
"2022-08-15 00:00:00",3472,
"2022-08-16 00:00:00",3523,
"2022-08-17 00:00:00",3595,
"2022-08-18 00:00:00",3562,
"2022-08-19 00:00:00",3504,
"2022-08-20 00:00:00",3888,
"2022-08-21 00:00:00",3880,
"2022-08-22 00:00:00",3589,
"2022-08-23 00:00:00",3508,
"2022-08-24 00:00:00",3546,
"2022-08-25 00:00:00",3522,
"2022-08-26 00:00:00",3584,
"2022-08-27 00:00:00",3778,
"2022-08-28 00:00:00",3864,
"2022-08-29 00:00:00",3458,
"2022-08-30 00:00:00",3424,
"2022-08-31 00:00:00",3460,
"2022-09-01 00:00:00",3799,
"2022-09-02 00:00:00",4105,
"2022-09-03 00:00:00",3915,
"2022-09-04 00:00:00",3931,
"2022-09-05 00:00:00",3574,
"2022-09-06 00:00:00",3387,
"2022-09-07 00:00:00",3374,
"2022-09-08 00:00:00",3438,
"2022-09-09 00:00:00",3513,
"2022-09-10 00:00:00",3854,
"2022-09-11 00:00:00",3915,
"2022-09-12 00:00:00",3196,
"2022-09-13 00:00:00",3283,
"2022-09-14 00:00:00",3084,
"2022-09-15 00:00:00",3049,
"2022-09-16 00:00:00",3223,
"2022-09-17 00:00:00",3892,
"2022-09-18 00:00:00",4064,
"2022-09-19 00:00:00",3462,
"2022-09-20 00:00:00",3224,
"2022-09-21 00:00:00",3420,
"2022-09-22 00:00:00",3261,
"2022-09-23 00:00:00",3445,2771
"2022-09-24 00:00:00",3893,3098
"2022-09-25 00:00:00",3737,3081
"2022-09-26 00:00:00",3185,2588
"2022-09-27 00:00:00",3125,2547
"2022-09-28 00:00:00",3270,2647
"2022-09-29 00:00:00",3161,2519
"2022-09-30 00:00:00",3321,2674
"2022-10-01 00:00:00",3706,3073
"2022-10-02 00:00:00",3827,3126
"2022-10-03 00:00:00",3328,2742
"2022-10-04 00:00:00",3317,2704
"2022-10-05 00:00:00",3325,2690
"2022-10-06 00:00:00",3773,2662
"2022-10-07 00:00:00",3491,2897
"2022-10-08 00:00:00",3825,3152
"2022-10-09 00:00:00",4025,3201
"2022-10-10 00:00:00",3490,2781
"2022-10-11 00:00:00",3406,2683
"2022-10-12 00:00:00",3073,2605
"2022-10-13 00:00:00",3143,2564
"2022-10-14 00:00:00",3375,2738
"2022-10-15 00:00:00",3835,3141
"2022-10-16 00:00:00",3829,3136
"2022-10-17 00:00:00",3250,2635
"2022-10-18 00:00:00",3307,2638
"2022-10-19 00:00:00",3404,2735
"2022-10-20 00:00:00",3646,2632
"2022-10-21 00:00:00",3423,2738
"2022-10-22 00:00:00",3908,3148
"2022-10-23 00:00:00",3890,3225
"2022-10-24 00:00:00",3324,2738
"2022-10-25 00:00:00",3264,2696
"2022-10-26 00:00:00",3241,2708
"2022-10-27 00:00:00",3227,2648
"2022-10-28 00:00:00",3477,2812
"2022-10-29 00:00:00",3674,3062
"2022-10-30 00:00:00",3736,3158
"2022-10-31 00:00:00",3312,2721
"2022-11-01 00:00:00",3280,2678
"2022-11-02 00:00:00",3275,2777
"2022-11-03 00:00:00",3808,2646
"2022-11-04 00:00:00",3491,2790
"2022-11-05 00:00:00",3814,3159
"2022-11-06 00:00:00",3826,3201
"2022-11-07 00:00:00",3200,2658
"2022-11-08 00:00:00",3370,2642
"2022-11-09 00:00:00",3016,2514
"2022-11-10 00:00:00",3078,2508
"2022-11-11 00:00:00",3266,2669
"2022-11-12 00:00:00",3702,3092
"2022-11-13 00:00:00",3835,3177
"2022-11-14 00:00:00",3269,2669
"2022-11-15 00:00:00",3241,2684
"2022-11-16 00:00:00",3260,2728
"2022-11-17 00:00:00",3080,2544
"2022-11-18 00:00:00",3574,2728
"2022-11-19 00:00:00",3803,3160
"2022-11-20 00:00:00",3728,3181
"2022-11-21 00:00:00",3184,2666
"2022-11-22 00:00:00",3167,2645
"2022-11-23 00:00:00",3281,2707
"2022-11-24 00:00:00",3302,2680
"2022-11-25 00:00:00",3409,2778
"2022-11-26 00:00:00",3876,3190
"2022-11-27 00:00:00",3864,3248
"2022-11-28 00:00:00",3378,2812
"2022-11-29 00:00:00",3305,2734
"2022-11-30 00:00:00",3319,2806
"2022-12-01 00:00:00",3895,2756
"2022-12-02 00:00:00",3576,2906
"2022-12-03 00:00:00",3986,3325
"2022-12-04 00:00:00",4069,3400
"2022-12-05 00:00:00",3611,2950
"2022-12-06 00:00:00",3354,2847
"2022-12-07 00:00:00",3420,2883
"2022-12-08 00:00:00",3395,2814
"2022-12-09 00:00:00",3609,2947
"2022-12-10 00:00:00",3999,3314
"2022-12-11 00:00:00",4041,3379
"2022-12-12 00:00:00",3496,2916
"2022-12-13 00:00:00",3496,2821
"2022-12-14 00:00:00",3255,2818
"2022-12-15 00:00:00",3793,2795
"2022-12-16 00:00:00",3449,2851
"2022-12-17 00:00:00",3848,3235
"2022-12-18 00:00:00",3900,3308
"2022-12-19 00:00:00",3488,2970
"2022-12-20 00:00:00",3761,2954
"2022-12-21 00:00:00",3537,3037
"2022-12-22 00:00:00",3656,3056
"2022-12-23 00:00:00",3849,3207
"2022-12-24 00:00:00",3766,3246
"2022-12-25 00:00:00",3585,3095
"2022-12-26 00:00:00",3750,3117
"2022-12-27 00:00:00",3860,3269
"2022-12-28 00:00:00",4069,3372
"2022-12-29 00:00:00",4052,3390
"2022-12-30 00:00:00",3953,3412
"2022-12-31 00:00:00",3753,3399
"2023-01-01 00:00:00",4098,3446
"2023-01-02 00:00:00",4231,3539
"2023-01-03 00:00:00",4060,3451
"2023-01-04 00:00:00",4065,3369
"2023-01-05 00:00:00",4660,3347
"2023-01-06 00:00:00",4135,3501
"2023-01-07 00:00:00",4398,3775
"2023-01-08 00:00:00",4413,3833
"2023-01-09 00:00:00",3888,3279
"2023-01-10 00:00:00",3872,3134
"2023-01-11 00:00:00",3691,3105
"2023-01-12 00:00:00",3860,3113
"2023-01-13 00:00:00",4163,3320
"2023-01-14 00:00:00",4729,3907
"2023-01-15 00:00:00",4885,4012
"2023-01-16 00:00:00",4579,3614
"2023-01-17 00:00:00",4287,3514
"2023-01-18 00:00:00",4207,3474
"2023-01-19 00:00:00",4108,3356
"2023-01-20 00:00:00",4322,3523
"2023-01-21 00:00:00",4996,4065
"2023-01-22 00:00:00",4994,4123
"2023-01-23 00:00:00",4323,3527
"2023-01-24 00:00:00",4179,3393
"2023-01-25 00:00:00",4258,3451
"2023-01-26 00:00:00",4233,3380
"2023-01-27 00:00:00",4371,3562
"2023-01-28 00:00:00",5050,4195
"2023-01-29 00:00:00",5244,4301
"2023-01-30 00:00:00",4458,3670
"2023-01-31 00:00:00",4319,3527
"2023-02-01 00:00:00",4517,3651
"2023-02-02 00:00:00",5228,3488
"2023-02-03 00:00:00",4579,3645
"2023-02-04 00:00:00",5028,4203
"2023-02-05 00:00:00",5202,4319
"2023-02-06 00:00:00",4363,3593
"2023-02-07 00:00:00",4279,3498
"2023-02-08 00:00:00",4201,3466
"2023-02-09 00:00:00",4168,3418
"2023-02-10 00:00:00",4395,3524
"2023-02-11 00:00:00",4945,4098
"2023-02-12 00:00:00",4919,4090
"2023-02-13 00:00:00",4319,3529
"2023-02-14 00:00:00",4541,3476
"2023-02-15 00:00:00",4721,3929
"2023-02-16 00:00:00",4745,3828
"2023-02-17 00:00:00",5151,4082
"2023-02-18 00:00:00",5726,4686
"2023-02-19 00:00:00",5601,4738
"2023-02-20 00:00:00",5399,4294
"2023-02-21 00:00:00",5002,3939
"2023-02-22 00:00:00",4997,4039
"2023-02-23 00:00:00",4929,4047
"2023-02-24 00:00:00",5172,4156
"2023-02-25 00:00:00",5824,4798
"2023-02-26 00:00:00",5820,4926
"2023-02-27 00:00:00",4843,3962
"2023-02-28 00:00:00",4816,3866
"2023-03-01 00:00:00",4852,3911
"2023-03-02 00:00:00",5614,3857
"2023-03-03 00:00:00",5146,4046
"2023-03-04 00:00:00",5789,4815
"2023-03-05 00:00:00",5778,4830
"2023-03-06 00:00:00",4834,3970
"2023-03-07 00:00:00",4884,3946
"2023-03-08 00:00:00",4944,4027
"2023-03-09 00:00:00",4929,3942
"2023-03-10 00:00:00",5460,4211
"2023-03-11 00:00:00",6229,5079
"2023-03-12 00:00:00",6157,5087
"2023-03-13 00:00:00",5260,4149
"2023-03-14 00:00:00",5084,3966
"2023-03-15 00:00:00",5017,3945
"2023-03-16 00:00:00",4512,3608
"2023-03-17 00:00:00",4674,3667
"2023-03-18 00:00:00",5078,4058
"2023-03-19 00:00:00",5201,4153
"2023-03-20 00:00:00",4274,3356
"2023-03-21 00:00:00",4348,3397
"2023-03-22 00:00:00",4430,3353
"2023-03-23 00:00:00",4391,3361
"2023-03-24 00:00:00",4817,3727
"2023-03-25 00:00:00",5162,4168
"2023-03-26 00:00:00",5238,4152
"2023-03-27 00:00:00",4302,3349
"2023-03-28 00:00:00",4325,3332
"2023-03-29 00:00:00",4461,3568
"2023-03-30 00:00:00",4459,3457
"2023-03-31 00:00:00",4672,3614
"2023-04-01 00:00:00",5146,4169
"2023-04-02 00:00:00",5224,4210
"2023-04-03 00:00:00",4484,3598
"2023-04-04 00:00:00",4556,3599
"2023-04-05 00:00:00",4509,3801
"2023-04-06 00:00:00",5524,3643
"2023-04-07 00:00:00",4953,3940
"2023-04-08 00:00:00",5031,4150
"2023-04-09 00:00:00",4935,4190
"2023-04-10 00:00:00",4643,3892
"2023-04-11 00:00:00",4661,3717
"2023-04-12 00:00:00",4494,3801
"2023-04-13 00:00:00",4915,3498
"2023-04-14 00:00:00",4460,3556
"2023-04-15 00:00:00",4950,4025
"2023-04-16 00:00:00",5135,4095
"2023-04-17 00:00:00",4300,3356
"2023-04-18 00:00:00",4551,3501
"2023-04-19 00:00:00",4526,3556
"2023-04-20 00:00:00",4447,3505
"2023-04-21 00:00:00",4478,3570
"2023-04-22 00:00:00",4955,4096
"2023-04-23 00:00:00",5171,4131
"2023-04-24 00:00:00",4290,3434
"2023-04-25 00:00:00",4279,3438
"2023-04-26 00:00:00",4492,3551
"2023-04-27 00:00:00",4219,3369
"2023-04-28 00:00:00",4510,3526
"2023-04-29 00:00:00",4944,4077
"2023-04-30 00:00:00",5002,4143
"2023-05-01 00:00:00",4761,3835
"2023-05-02 00:00:00",4351,3476
"2023-05-03 00:00:00",4490,3514
"2023-05-04 00:00:00",5138,3271
"2023-05-05 00:00:00",4486,3524
"2023-05-06 00:00:00",4968,4062
"2023-05-07 00:00:00",5021,4155
"2023-05-08 00:00:00",4499,3533
"2023-05-09 00:00:00",4376,3403
"2023-05-10 00:00:00",4483,3596
"2023-05-11 00:00:00",4336,3476
"2023-05-12 00:00:00",4605,3650
"2023-05-13 00:00:00",5039,4125
"2023-05-14 00:00:00",5002,4087
"2023-05-15 00:00:00",4367,3365
"2023-05-16 00:00:00",4504,3370
"2023-05-17 00:00:00",4679,3815
"2023-05-18 00:00:00",4508,3770
"2023-05-19 00:00:00",4733,3925
"2023-05-20 00:00:00",5168,4296
"2023-05-21 00:00:00",5101,4197
"2023-05-22 00:00:00",4622,3589
"2023-05-23 00:00:00",4563,3572
"2023-05-24 00:00:00",4555,3652
"2023-05-25 00:00:00",4445,3507
"2023-05-26 00:00:00",4736,3775
"2023-05-27 00:00:00",4930,4118
"2023-05-28 00:00:00",5035,4259
"2023-05-29 00:00:00",4976,3934
"2023-05-30 00:00:00",4742,3728
"2023-05-31 00:00:00",4721,3840
"2023-06-01 00:00:00",5954,3683
"2023-06-02 00:00:00",5006,4017
"2023-06-03 00:00:00",5050,4192
"2023-06-04 00:00:00",5248,4259
"2023-06-05 00:00:00",4758,3778
"2023-06-06 00:00:00",5047,3844
"2023-06-07 00:00:00",4618,3848
"2023-06-08 00:00:00",4942,3741
"2023-06-09 00:00:00",5011,3948
"2023-06-10 00:00:00",5096,4297
"2023-06-11 00:00:00",5303,4318
"2023-06-12 00:00:00",5044,3867
"2023-06-13 00:00:00",5089,4002
"2023-06-14 00:00:00",4665,3893
"2023-06-15 00:00:00",4718,3771
"2023-06-16 00:00:00",4845,3889
"2023-06-17 00:00:00",4927,4146
"2023-06-18 00:00:00",5072,4086
"2023-06-19 00:00:00",4866,3857
"2023-06-20 00:00:00",4952,3834
"2023-06-21 00:00:00",4922,3993
"2023-06-22 00:00:00",4940,3883
"2023-06-23 00:00:00",4781,3936
"2023-06-24 00:00:00",4906,4078
"2023-06-25 00:00:00",4959,4158
"2023-06-26 00:00:00",4758,3809
"2023-06-27 00:00:00",4899,3817
"2023-06-28 00:00:00",4720,3985
"2023-06-29 00:00:00",4728,3869
"2023-06-30 00:00:00",4823,3972
"2023-07-01 00:00:00",4926,4168
"2023-07-02 00:00:00",5154,4258
"2023-07-03 00:00:00",4980,3974
"2023-07-04 00:00:00",4956,3988
"2023-07-05 00:00:00",4855,3894
"2023-07-06 00:00:00",6321,3949
"2023-07-07 00:00:00",4958,4124
"2023-07-08 00:00:00",5050,4339
"2023-07-09 00:00:00",5449,4497
"2023-07-10 00:00:00",5066,4189
"2023-07-11 00:00:00",5110,4158
"2023-07-12 00:00:00",5073,4231
"2023-07-13 00:00:00",5335,3961
"2023-07-14 00:00:00",5681,4357
"2023-07-15 00:00:00",5082,4415
"2023-07-16 00:00:00",5137,4323
"2023-07-17 00:00:00",5006,4125
"2023-07-18 00:00:00",5385,4138
"2023-07-19 00:00:00",5024,4239
"2023-07-20 00:00:00",5156,4189
"2023-07-21 00:00:00",4969,4107
"2023-07-22 00:00:00",5237,4398
"2023-07-23 00:00:00",5235,4377
"2023-07-24 00:00:00",5212,4187
"2023-07-25 00:00:00",5628,4189
"2023-07-26 00:00:00",5097,4416
"2023-07-27 00:00:00",4960,4086
"2023-07-28 00:00:00",5076,4145
"2023-07-29 00:00:00",5051,4259
"2023-07-30 00:00:00",5304,4430
"2023-07-31 00:00:00",5143,4166
"2023-08-01 00:00:00",5717,4268
"2023-08-02 00:00:00",5144,4305
"2023-08-03 00:00:00",6142,4150
"2023-08-04 00:00:00",5145,4254
"2023-08-05 00:00:00",5478,4481
"2023-08-06 00:00:00",5644,4459
"2023-08-07 00:00:00",5387,4335
"2023-08-08 00:00:00",5457,4222
"2023-08-09 00:00:00",5206,4265
"2023-08-10 00:00:00",4991,4131
"2023-08-11 00:00:00",5074,4263
"2023-08-12 00:00:00",5324,4381
"2023-08-13 00:00:00",5527,4502
"2023-08-14 00:00:00",4717,3893
"2023-08-15 00:00:00",5243,4077
"2023-08-16 00:00:00",4869,4141
"2023-08-17 00:00:00",5176,4152
"2023-08-18 00:00:00",4970,4019
"2023-08-19 00:00:00",5372,4431
"2023-08-20 00:00:00",5392,4505
"2023-08-21 00:00:00",5009,4115
"2023-08-22 00:00:00",5248,4130
"2023-08-23 00:00:00",4942,4100
"2023-08-24 00:00:00",4785,3875
"2023-08-25 00:00:00",4939,3949
"2023-08-26 00:00:00",5388,4382
"2023-08-27 00:00:00",5476,4452
"2023-08-28 00:00:00",4913,3944
"2023-08-29 00:00:00",5126,3952
"2023-08-30 00:00:00",5182,4233
"2023-08-31 00:00:00",4764,3798
"2023-09-01 00:00:00",4764,3869
"2023-09-02 00:00:00",5145,4254
"2023-09-03 00:00:00",5280,4320
"2023-09-04 00:00:00",5052,3894
"2023-09-05 00:00:00",4472,3604
"2023-09-06 00:00:00",4418,3509
"2023-09-07 00:00:00",5539,3716
"2023-09-08 00:00:00",4919,3960
"2023-09-09 00:00:00",5376,4442
"2023-09-10 00:00:00",5531,4413
"2023-09-11 00:00:00",4603,3563
"2023-09-12 00:00:00",4539,3584
"2023-09-13 00:00:00",4422,3552
"2023-09-14 00:00:00",4489,3476
"2023-09-15 00:00:00",4768,3741
"2023-09-16 00:00:00",5290,4258
"2023-09-17 00:00:00",5438,4240
"2023-09-18 00:00:00",4531,3452
"2023-09-19 00:00:00",4567,3502
"2023-09-20 00:00:00",4747,3760
"2023-09-21 00:00:00",5832,4414
"2023-09-22 00:00:00",6591,5156
"2023-09-23 00:00:00",7964,6391
"2023-09-24 00:00:00",8228,6617
"2023-09-25 00:00:00",7399,5689
"2023-09-26 00:00:00",7369,5692
"2023-09-27 00:00:00",7800,6023
"2023-09-28 00:00:00",7556,5896
"2023-09-29 00:00:00",7821,6233
"2023-09-30 00:00:00",8679,7066
"2023-10-01 00:00:00",9083,7212
"2023-10-02 00:00:00",7829,6263
"2023-10-03 00:00:00",8008,6244
"2023-10-04 00:00:00",7993,6271
"2023-10-05 00:00:00",8986,6261
"2023-10-06 00:00:00",8252,6545
"2023-10-07 00:00:00",9035,7395
"2023-10-08 00:00:00",9332,7491
"2023-10-09 00:00:00",8436,6588
"2023-10-10 00:00:00",8169,6445
"2023-10-11 00:00:00",7722,6272
"2023-10-12 00:00:00",7947,6345
"2023-10-13 00:00:00",8493,6815
"2023-10-14 00:00:00",9404,7697
"2023-10-15 00:00:00",9729,7831
"2023-10-16 00:00:00",8229,6502
"2023-10-17 00:00:00",8198,6470
"2023-10-18 00:00:00",8277,6534
"2023-10-19 00:00:00",8428,6540
"2023-10-20 00:00:00",8835,6977
"2023-10-21 00:00:00",9713,7833
"2023-10-22 00:00:00",10027,7997
"2023-10-23 00:00:00",9198,6713
"2023-10-24 00:00:00",8363,6555
"2023-10-25 00:00:00",8530,6696
"2023-10-26 00:00:00",8259,6509
"2023-10-27 00:00:00",8836,6977
"2023-10-28 00:00:00",9767,7894
"2023-10-29 00:00:00",10117,8198
"2023-10-30 00:00:00",9149,7189
"2023-10-31 00:00:00",9258,7144
"2023-11-01 00:00:00",9312,7237
"2023-11-02 00:00:00",10565,7254
"2023-11-03 00:00:00",10549,7902
"2023-11-04 00:00:00",11847,9328
"2023-11-05 00:00:00",11885,9517
"2023-11-06 00:00:00",9716,7734
"2023-11-07 00:00:00",9846,7777
"2023-11-08 00:00:00",9739,7801
"2023-11-09 00:00:00",10207,7691
"2023-11-10 00:00:00",11274,8476
"2023-11-11 00:00:00",13305,9990
"2023-11-12 00:00:00",13260,10503
"2023-11-13 00:00:00",11159,8685
"2023-11-14 00:00:00",11111,8637
"2023-11-15 00:00:00",11012,8793
"2023-11-16 00:00:00",10870,8565
"2023-11-17 00:00:00",12052,8981
"2023-11-18 00:00:00",14136,11029
"2023-11-19 00:00:00",14803,11439
"2023-11-20 00:00:00",12849,9499
"2023-11-21 00:00:00",12967,9604
"2023-11-22 00:00:00",14184,10155
"2023-11-23 00:00:00",14089,10259
"2023-11-24 00:00:00",15493,10881
"2023-11-25 00:00:00",15922,12321
"2023-11-26 00:00:00",16201,12667
"2023-11-27 00:00:00",13469,10228
"2023-11-28 00:00:00",13076,9945
"2023-11-29 00:00:00",13180,10259
"2023-11-30 00:00:00",13181,10090
"2023-12-01 00:00:00",15731,10647
"2023-12-02 00:00:00",19104,12961
"2023-12-03 00:00:00",16975,12285
"2023-12-04 00:00:00",13071,10101
"2023-12-05 00:00:00",12580,9703
"2023-12-06 00:00:00",12690,9884
"2023-12-07 00:00:00",13784,9542
"2023-12-08 00:00:00",13802,10290
"2023-12-09 00:00:00",16057,12229
"2023-12-10 00:00:00",16004,12446
"2023-12-11 00:00:00",12946,10076
"2023-12-12 00:00:00",13074,10049
"2023-12-13 00:00:00",12833,10360
"2023-12-14 00:00:00",13553,10194
"2023-12-15 00:00:00",14817,10758
"2023-12-16 00:00:00",15541,12358
"2023-12-17 00:00:00",15655,12467
"2023-12-18 00:00:00",13680,10561
"2023-12-19 00:00:00",13782,10573
"2023-12-20 00:00:00",14056,11082
"2023-12-21 00:00:00",14802,11415
"2023-12-22 00:00:00",15611,12093
"2023-12-23 00:00:00",15968,12737
"2023-12-24 00:00:00",14315,12115
"2023-12-25 00:00:00",15074,11565
"2023-12-26 00:00:00",16200,12310
"2023-12-27 00:00:00",16739,12877
"2023-12-28 00:00:00",16726,12906
"2023-12-29 00:00:00",17308,13373
"2023-12-30 00:00:00",18193,13795
"2023-12-31 00:00:00",15936,13447
"2024-01-01 00:00:00",17778,13514
"2024-01-02 00:00:00",17465,13638
"2024-01-03 00:00:00",16979,13378
"2024-01-04 00:00:00",17194,13105
"2024-01-05 00:00:00",17661,13294
"2024-01-06 00:00:00",18768,14668
"2024-01-07 00:00:00",18562,14819
"2024-01-08 00:00:00",15198,12092
"2024-01-09 00:00:00",16769,11843
"2024-01-10 00:00:00",16881,12958
"2024-01-11 00:00:00",16850,12280
"2024-01-12 00:00:00",17201,11690
"2024-01-13 00:00:00",18342,14100
"2024-01-14 00:00:00",18660,14631
"2024-01-15 00:00:00",17796,13154
"2024-01-16 00:00:00",16319,12358
"2024-01-17 00:00:00",15320,12094
"2024-01-18 00:00:00",14646,11504
"2024-01-19 00:00:00",17532,12326
"2024-01-20 00:00:00",18260,14323
"2024-01-21 00:00:00",18217,14170
"2024-01-22 00:00:00",14877,11301
"2024-01-23 00:00:00",14893,11103
"2024-01-24 00:00:00",14777,11373
"2024-01-25 00:00:00",14460,10950
"2024-01-26 00:00:00",16193,11942
"2024-01-27 00:00:00",17808,13954
"2024-01-28 00:00:00",17819,13778
"2024-01-29 00:00:00",14332,10979
"2024-01-30 00:00:00",13933,10670
"2024-01-31 00:00:00",14031,10851
"2024-02-01 00:00:00",15282,10770
"2024-02-02 00:00:00",15967,11551
"2024-02-03 00:00:00",17774,13703
"2024-02-04 00:00:00",18152,13901
"2024-02-05 00:00:00",14180,11026
"2024-02-06 00:00:00",14103,10734
"2024-02-07 00:00:00",14073,10904
"2024-02-08 00:00:00",13922,10654
"2024-02-09 00:00:00",15701,11472
"2024-02-10 00:00:00",17799,13650
"2024-02-11 00:00:00",18136,13699
"2024-02-12 00:00:00",14387,11182
"2024-02-13 00:00:00",14494,11194
"2024-02-14 00:00:00",14428,10931
"2024-02-15 00:00:00",13691,10727
"2024-02-16 00:00:00",16646,12383
"2024-02-17 00:00:00",18754,14577
"2024-02-18 00:00:00",19304,14941
"2024-02-19 00:00:00",18492,13634
"2024-02-20 00:00:00",16498,12774
"2024-02-21 00:00:00",16522,12963
"2024-02-22 00:00:00",17451,13012
"2024-02-23 00:00:00",17828,13709
"2024-02-24 00:00:00",20469,15821
"2024-02-25 00:00:00",20959,16206
"2024-02-26 00:00:00",16906,13212
"2024-02-27 00:00:00",17090,13032
"2024-02-28 00:00:00",15152,11140
"2024-02-29 00:00:00",12373,9783
"2024-03-01 00:00:00",14682,10456
"2024-03-02 00:00:00",18089,13821
"2024-03-03 00:00:00",18747,14529
"2024-03-04 00:00:00",15495,11944
"2024-03-05 00:00:00",16691,12170
"2024-03-06 00:00:00",16094,12576
"2024-03-07 00:00:00",17706,12500
"2024-03-08 00:00:00",15967,12573
"2024-03-09 00:00:00",21929,16967
"2024-03-10 00:00:00",21995,17083
"2024-03-11 00:00:00",18629,13901
"2024-03-12 00:00:00",18428,13644
"2024-03-13 00:00:00",18721,14079
"2024-03-14 00:00:00",18398,13911
"2024-03-15 00:00:00",20290,14865
"2024-03-16 00:00:00",21692,17141
"2024-03-17 00:00:00",22434,17305
"2024-03-18 00:00:00",18991,14147
"2024-03-19 00:00:00",19171,14125
"2024-03-20 00:00:00",19179,14416
"2024-03-21 00:00:00",18617,14114
"2024-03-22 00:00:00",23516,15262
"2024-03-23 00:00:00",21984,17483
"2024-03-24 00:00:00",22504,17548
"2024-03-25 00:00:00",19564,15017
"2024-03-26 00:00:00",20201,14880
"2024-03-27 00:00:00",19929,15448
"2024-03-28 00:00:00",20232,15816
"2024-03-29 00:00:00",21779,17081
"2024-03-30 00:00:00",21980,17664
"2024-03-31 00:00:00",22617,17940
"2024-04-01 00:00:00",21729,17264
"2024-04-02 00:00:00",20490,16124
"2024-04-03 00:00:00",20482,16220
"2024-04-04 00:00:00",21875,15953
"2024-04-05 00:00:00",20570,16222
"2024-04-06 00:00:00",22003,17823
"2024-04-07 00:00:00",22966,18110
"2024-04-08 00:00:00",20180,15754
"2024-04-09 00:00:00",19573,15467
"2024-04-10 00:00:00",19575,15673
"2024-04-11 00:00:00",19810,15704
"2024-04-12 00:00:00",20217,16166
"2024-04-13 00:00:00",22538,18196
"2024-04-14 00:00:00",23212,18406
"2024-04-15 00:00:00",19874,15426
"2024-04-16 00:00:00",19889,15295
"2024-04-17 00:00:00",19919,15448
"2024-04-18 00:00:00",19451,15154
"2024-04-19 00:00:00",20797,16094
"2024-04-20 00:00:00",23233,18671
"2024-04-21 00:00:00",23915,18764
"2024-04-22 00:00:00",20382,15753
"2024-04-23 00:00:00",20675,15854
"2024-04-24 00:00:00",20621,16194
"2024-04-25 00:00:00",19920,15726
"2024-04-26 00:00:00",20701,16317
"2024-04-27 00:00:00",23211,18493
"2024-04-28 00:00:00",23981,18702
"2024-04-29 00:00:00",20386,16020
"2024-04-30 00:00:00",22073,16325
"2024-05-01 00:00:00",21145,17271
"2024-05-02 00:00:00",22176,15906
"2024-05-03 00:00:00",21146,16314
"2024-05-04 00:00:00",23429,18829
"2024-05-05 00:00:00",24554,19256
"2024-05-06 00:00:00",20761,16587
"2024-05-07 00:00:00",19897,15914
"2024-05-08 00:00:00",20180,15991
"2024-05-09 00:00:00",20378,16553
"2024-05-10 00:00:00",21944,16905
"2024-05-11 00:00:00",23390,19037
"2024-05-12 00:00:00",24272,19198
"2024-05-13 00:00:00",21400,16576
"2024-05-14 00:00:00",21363,15950
"2024-05-15 00:00:00",21324,17018
"2024-05-16 00:00:00",20944,16513
"2024-05-17 00:00:00",20751,16341
"2024-05-18 00:00:00",23594,19191
"2024-05-19 00:00:00",24729,19945
"2024-05-20 00:00:00",22614,17779
"2024-05-21 00:00:00",21795,16819
"2024-05-22 00:00:00",22608,17506
"2024-05-23 00:00:00",22824,17521
"2024-05-24 00:00:00",26096,19764
"2024-05-25 00:00:00",25301,20631
"2024-05-26 00:00:00",26804,21365
"2024-05-27 00:00:00",26698,20168
"2024-05-28 00:00:00",24770,19594
"2024-05-29 00:00:00",24613,19686
"2024-05-30 00:00:00",24641,19482
"2024-05-31 00:00:00",25100,19815
"2024-06-01 00:00:00",25794,21122
"2024-06-02 00:00:00",27290,21514
"2024-06-03 00:00:00",25455,19291
"2024-06-04 00:00:00",25467,19611
"2024-06-05 00:00:00",25743,19880
"2024-06-06 00:00:00",27522,19571
"2024-06-07 00:00:00",25036,19544
"2024-06-08 00:00:00",25961,21067
"2024-06-09 00:00:00",27709,21737
"2024-06-10 00:00:00",26136,19993
"2024-06-11 00:00:00",26547,20154
"2024-06-12 00:00:00",27141,21072
"2024-06-13 00:00:00",26261,20332
"2024-06-14 00:00:00",25131,19799
"2024-06-15 00:00:00",26260,21539
"2024-06-16 00:00:00",26996,21873
"2024-06-17 00:00:00",26869,20545
"2024-06-18 00:00:00",26399,20411
"2024-06-19 00:00:00",25798,20077
"2024-06-20 00:00:00",25641,19756
"2024-06-21 00:00:00",25251,19735
"2024-06-22 00:00:00",27550,21911
"2024-06-23 00:00:00",28006,22645
"2024-06-24 00:00:00",28115,21433
"2024-06-25 00:00:00",27210,21194
"2024-06-26 00:00:00",27624,21655
"2024-06-27 00:00:00",27531,21337
"2024-06-28 00:00:00",27104,21631
"2024-06-29 00:00:00",26942,22299
"2024-06-30 00:00:00",28692,23152
"2024-07-01 00:00:00",28565,22137
"2024-07-02 00:00:00",28108,22075
"2024-07-03 00:00:00",28234,22026
"2024-07-04 00:00:00",29634,22057
"2024-07-05 00:00:00",27284,21439
"2024-07-06 00:00:00",27286,22533
"2024-07-07 00:00:00",28754,23031
"2024-07-08 00:00:00",28182,22553
"2024-07-09 00:00:00",28781,22479
"2024-07-10 00:00:00",28152,22820
"2024-07-11 00:00:00",29444,22539
"2024-07-12 00:00:00",28459,23073
"2024-07-13 00:00:00",28453,23446
"2024-07-14 00:00:00",28759,23793
"2024-07-15 00:00:00",29230,23175
"2024-07-16 00:00:00",29887,23080
"2024-07-17 00:00:00",27606,22341
"2024-07-18 00:00:00",27585,22658
"2024-07-19 00:00:00",27822,22402
"2024-07-20 00:00:00",27941,23084
"2024-07-21 00:00:00",29682,23793
"2024-07-22 00:00:00",29498,23248
"2024-07-23 00:00:00",31108,23575
"2024-07-24 00:00:00",30105,24160
"2024-07-25 00:00:00",29300,23552
"2024-07-26 00:00:00",29979,24461
"2024-07-27 00:00:00",29649,24656
"2024-07-28 00:00:00",31666,25426
"2024-07-29 00:00:00",31452,24850
"2024-07-30 00:00:00",33229,24833
"2024-07-31 00:00:00",32306,25680
"2024-08-01 00:00:00",32464,24893
"2024-08-02 00:00:00",29950,24296
"2024-08-03 00:00:00",30880,25312
"2024-08-04 00:00:00",32600,25920
"2024-08-05 00:00:00",32164,25226
"2024-08-06 00:00:00",32062,25174
"2024-08-07 00:00:00",35101,25917
"2024-08-08 00:00:00",31628,25105
"2024-08-09 00:00:00",31687,25738
"2024-08-10 00:00:00",33581,26608
"2024-08-11 00:00:00",34231,27295
"2024-08-12 00:00:00",32196,25573
"2024-08-13 00:00:00",33101,25542
"2024-08-14 00:00:00",31536,25699
"2024-08-15 00:00:00",32018,25679
"2024-08-16 00:00:00",34824,27797
"2024-08-17 00:00:00",36491,29242
"2024-08-18 00:00:00",38258,29962
"2024-08-19 00:00:00",34433,27386
"2024-08-20 00:00:00",34102,26666
"2024-08-21 00:00:00",35416,27333
"2024-08-22 00:00:00",35054,26864
"2024-08-23 00:00:00",33265,24965
"2024-08-24 00:00:00",37570,29747
"2024-08-25 00:00:00",41113,30835
"2024-08-26 00:00:00",34802,27325
"2024-08-27 00:00:00",35104,27204
"2024-08-28 00:00:00",35957,27714
"2024-08-29 00:00:00",34561,27071
"2024-08-30 00:00:00",36247,28252
"2024-08-31 00:00:00",38934,30561
"2024-09-01 00:00:00",41322,30950
"2024-09-02 00:00:00",42012,29581
"2024-09-03 00:00:00",35652,26735
"2024-09-04 00:00:00",36131,26971
"2024-09-05 00:00:00",37572,27130
"2024-09-06 00:00:00",36064,27409
"2024-09-07 00:00:00",40633,31674
"2024-09-08 00:00:00",42587,31727
"2024-09-09 00:00:00",37302,26171
"2024-09-10 00:00:00",36195,25811
"2024-09-11 00:00:00",37729,26589
"2024-09-12 00:00:00",34057,24749
"2024-09-13 00:00:00",36399,26655
"2024-09-14 00:00:00",40115,30595
"2024-09-15 00:00:00",43059,31451
"2024-09-16 00:00:00",38199,26488
"2024-09-17 00:00:00",36933,26354
"2024-09-18 00:00:00",36044,25591
"2024-09-19 00:00:00",36218,25496
"2024-09-20 00:00:00",37548,27436
"2024-09-21 00:00:00",42175,31995
"2024-09-22 00:00:00",44397,32288
"2024-09-23 00:00:00",38651,26662
"2024-09-24 00:00:00",38207,26873
"2024-09-25 00:00:00",40338,27911
"2024-09-26 00:00:00",39079,27898
"2024-09-27 00:00:00",43871,29637
"2024-09-28 00:00:00",44077,33423
"2024-09-29 00:00:00",45740,33356
"2024-09-30 00:00:00",40905,28042
"2024-10-01 00:00:00",39393,27979
"2024-10-02 00:00:00",40738,28838
"2024-10-03 00:00:00",42196,28970
"2024-10-04 00:00:00",42597,30089
"2024-10-05 00:00:00",48870,34488
"2024-10-06 00:00:00",47675,34632
"2024-10-07 00:00:00",42550,29140
"2024-10-08 00:00:00",41264,28748
"2024-10-09 00:00:00",43695,30042
"2024-10-10 00:00:00",42001,29568
"2024-10-11 00:00:00",44109,32012
"2024-10-12 00:00:00",48490,37201
"2024-10-13 00:00:00",51280,37587
"2024-10-14 00:00:00",48585,32677
"2024-10-15 00:00:00",43423,31077
"2024-10-16 00:00:00",44780,31215
"2024-10-17 00:00:00",43266,30722
"2024-10-18 00:00:00",47217,33292
"2024-10-19 00:00:00",50121,38044
"2024-10-20 00:00:00",52212,38052
"2024-10-21 00:00:00",47141,32083
"2024-10-22 00:00:00",47076,32356
"2024-10-23 00:00:00",46626,32659
"2024-10-24 00:00:00",45173,31907
"2024-10-25 00:00:00",47476,34179
"2024-10-26 00:00:00",51186,39092
"2024-10-27 00:00:00",53453,39653
"2024-10-28 00:00:00",47500,34122
"2024-10-29 00:00:00",45851,33689
"2024-10-30 00:00:00",46944,34189
"2024-10-31 00:00:00",43282,33241
"2024-11-01 00:00:00",62577,38220
"2024-11-02 00:00:00",65016,46751
"2024-11-03 00:00:00",65885,46813
"2024-11-04 00:00:00",55659,37277
"2024-11-05 00:00:00",57025,37360
"2024-11-06 00:00:00",52804,35303
"2024-11-07 00:00:00",55371,35613
"2024-11-08 00:00:00",56818,38645
"2024-11-09 00:00:00",62704,46941
"2024-11-10 00:00:00",65442,47149
"2024-11-11 00:00:00",59048,39613
"2024-11-12 00:00:00",55195,37165
"2024-11-13 00:00:00",54365,37219
"2024-11-14 00:00:00",57071,38061
"2024-11-15 00:00:00",59269,41640
"2024-11-16 00:00:00",65412,48808
"2024-11-17 00:00:00",69884,49285
"2024-11-18 00:00:00",57632,38494
"2024-11-19 00:00:00",57439,38251
"2024-11-20 00:00:00",60163,40026
"2024-11-21 00:00:00",58739,39095
"2024-11-22 00:00:00",62413,42853
"2024-11-23 00:00:00",67767,50729
"2024-11-24 00:00:00",70742,50369
"2024-11-25 00:00:00",65362,42212
"2024-11-26 00:00:00",65180,42910
"2024-11-27 00:00:00",68017,44623
"2024-11-28 00:00:00",66600,43860
"2024-11-29 00:00:00",70585,46554
"2024-11-30 00:00:00",89033,55051
"2024-12-01 00:00:00",85647,58785
"2024-12-02 00:00:00",70394,46918
"2024-12-03 00:00:00",69575,46108
"2024-12-04 00:00:00",64556,43643
"2024-12-05 00:00:00",69595,44776
"2024-12-06 00:00:00",78552,51752
"2024-12-07 00:00:00",79134,59007
"2024-12-08 00:00:00",81234,57437
"2024-12-09 00:00:00",67928,45551
"2024-12-10 00:00:00",67559,45526
"2024-12-11 00:00:00",70361,47603
"2024-12-12 00:00:00",68491,47213
"2024-12-13 00:00:00",69536,48901
"2024-12-14 00:00:00",76164,56851
"2024-12-15 00:00:00",78570,56448
"2024-12-16 00:00:00",68032,45750
"2024-12-17 00:00:00",67341,45416
"2024-12-18 00:00:00",66254,45837
"2024-12-19 00:00:00",75907,47602
"2024-12-20 00:00:00",75233,53228
"2024-12-21 00:00:00",57914,57231
"2024-12-21 01:00:00",52406,57246
"2024-12-21 02:00:00",48960,57259
"2024-12-21 03:00:00",47029,57258
"2024-12-21 04:00:00",44864,57239
"2024-12-21 05:00:00",42295,57222
"2024-12-21 06:00:00",39600,57205
"2024-12-21 07:00:00",37876,57199
"2024-12-21 08:00:00",40890,57190
"2024-12-21 09:00:00",45341,57132
"2024-12-21 10:00:00",49902,57080
"2024-12-21 11:00:00",54297,57063
"2024-12-21 12:00:00",57325,57057
"2024-12-21 13:00:00",60037,57089
"2024-12-21 14:00:00",62624,57148
"2024-12-21 15:00:00",65512,57209
"2024-12-21 16:00:00",68388,57256
"2024-12-21 17:00:00",70874,57293
"2024-12-21 18:00:00",73121,57358
"2024-12-21 19:00:00",73925,57427
"2024-12-21 20:00:00",73911,57506
"2024-12-21 21:00:00",73032,57583
"2024-12-21 22:00:00",69334,57629
"2024-12-21 23:00:00",64086,57646
"2024-12-22 00:00:00",58337,57630
"2024-12-22 01:00:00",52925,57618
"2024-12-22 02:00:00",49232,57609
"2024-12-22 03:00:00",46943,57601
"2024-12-22 04:00:00",44904,57571
"2024-12-22 05:00:00",42439,57528
"2024-12-22 06:00:00",40062,57473
"2024-12-22 07:00:00",38179,57396
"2024-12-22 08:00:00",39865,57295
"2024-12-22 09:00:00",44352,57164
"2024-12-22 10:00:00",49598,57019
"2024-12-22 11:00:00",54171,56873
"2024-12-22 12:00:00",58063,56725
"2024-12-22 13:00:00",61329,56582
"2024-12-22 14:00:00",63874,56452
"2024-12-22 15:00:00",66309,56332
"2024-12-22 16:00:00",68879,56210
"2024-12-22 17:00:00",71998,56102
"2024-12-22 18:00:00",74284,55987
"2024-12-22 19:00:00",75340,55881
"2024-12-22 20:00:00",75332,55793
"2024-12-22 21:00:00",73792,55706
"2024-12-22 22:00:00",69533,55637
"2024-12-22 23:00:00",63685,55593
"2024-12-23 00:00:00",58035,55579
"2024-12-23 01:00:00",52718,55571
"2024-12-23 02:00:00",49047,55563
"2024-12-23 03:00:00",46197,55547
"2024-12-23 04:00:00",43840,55542
"2024-12-23 05:00:00",41048,55533
"2024-12-23 06:00:00",38114,55526
"2024-12-23 07:00:00",35698,55515
"2024-12-23 08:00:00",36616,55497
"2024-12-23 09:00:00",40711,55473
"2024-12-23 10:00:00",45931,55441
"2024-12-23 11:00:00",50374,55391
"2024-12-23 12:00:00",54364,55350
"2024-12-23 13:00:00",57944,55303
"2024-12-23 14:00:00",60749,55209
"2024-12-23 15:00:00",63125,55050
"2024-12-23 16:00:00",66038,54816
"2024-12-23 17:00:00",68929,54512
"2024-12-23 18:00:00",71446,54181
"2024-12-23 19:00:00",72940,53849
"2024-12-23 20:00:00",72975,53528
"2024-12-23 21:00:00",71953,53236
"2024-12-23 22:00:00",68354,52996
"2024-12-23 23:00:00",63260,52849
"2024-12-24 00:00:00",57773,52753
"2024-12-24 01:00:00",52449,52676
"2024-12-24 02:00:00",48608,52547
"2024-12-24 03:00:00",46083,52405
"2024-12-24 04:00:00",43619,52255
"2024-12-24 05:00:00",40958,52119
"2024-12-24 06:00:00",37966,52013
"2024-12-24 07:00:00",35435,51939
"2024-12-24 08:00:00",36216,51886
"2024-12-24 09:00:00",40140,51843
"2024-12-24 10:00:00",44903,51798
"2024-12-24 11:00:00",49590,51739
"2024-12-24 12:00:00",53392,51642
"2024-12-24 13:00:00",55737,51524
"2024-12-24 14:00:00",56815,51425
"2024-12-24 15:00:00",57208,51395
"2024-12-24 16:00:00",58288,51468
"2024-12-24 17:00:00",60410,51612
"2024-12-24 18:00:00",62849,51800
"2024-12-24 19:00:00",64598,51995
"2024-12-24 20:00:00",65345,52187
"2024-12-24 21:00:00",65633,52361
"2024-12-24 22:00:00",64366,52523
"2024-12-24 23:00:00",60637,52626
"2024-12-25 00:00:00",55648,52713
"2024-12-25 01:00:00",48920,52818
"2024-12-25 02:00:00",44715,52974
"2024-12-25 03:00:00",41975,53147
"2024-12-25 04:00:00",39826,53314
"2024-12-25 05:00:00",38000,53458
"2024-12-25 06:00:00",35858,53581
"2024-12-25 07:00:00",33919,53679
"2024-12-25 08:00:00",34994,53744
"2024-12-25 09:00:00",38889,53746
"2024-12-25 10:00:00",43279,53707
"2024-12-25 11:00:00",46921,53649
"2024-12-25 12:00:00",50323,53613
"2024-12-25 13:00:00",53430,53599
"2024-12-25 14:00:00",56652,53601
"2024-12-25 15:00:00",60126,53624
"2024-12-25 16:00:00",63290,53629
"2024-12-25 17:00:00",66689,53641
"2024-12-25 18:00:00",69306,53659
"2024-12-25 19:00:00",70921,53699
"2024-12-25 20:00:00",71017,53746
"2024-12-25 21:00:00",70690,53792
"2024-12-25 22:00:00",67591,53828
"2024-12-25 23:00:00",63396,53865
"2024-12-26 00:00:00",59106,53905
"2024-12-26 01:00:00",53894,53952
"2024-12-26 02:00:00",50207,54016
"2024-12-26 03:00:00",47282,54083
"2024-12-26 04:00:00",44382,54141
"2024-12-26 05:00:00",41877,54201
"2024-12-26 06:00:00",38927,54247
"2024-12-26 07:00:00",36040,54291
"2024-12-26 08:00:00",35376,54337
"2024-12-26 09:00:00",38180,54372
"2024-12-26 10:00:00",42213,54397
"2024-12-26 11:00:00",46565,54422
"2024-12-26 12:00:00",50445,54442
"2024-12-26 13:00:00",53647,54468
"2024-12-26 14:00:00",56882,54508
"2024-12-26 15:00:00",59480,54553
"2024-12-26 16:00:00",62585,54607
"2024-12-26 17:00:00",66079,54641
"2024-12-26 18:00:00",69342,54659
"2024-12-26 19:00:00",71267,54659
"2024-12-26 20:00:00",71447,54667
"2024-12-26 21:00:00",71147,54691
"2024-12-26 22:00:00",68162,54718
"2024-12-26 23:00:00",63907,54752
"2024-12-27 00:00:00",59517,54778
"2024-12-27 01:00:00",54690,54802
"2024-12-27 02:00:00",51071,54826
"2024-12-27 03:00:00",48061,54842
"2024-12-27 04:00:00",45337,54861
"2024-12-27 05:00:00",42570,54891
"2024-12-27 06:00:00",39761,54929
"2024-12-27 07:00:00",37313,54976
"2024-12-27 08:00:00",36558,55038
"2024-12-27 09:00:00",39170,55100
"2024-12-27 10:00:00",43035,55153
"2024-12-27 11:00:00",47144,55191
"2024-12-27 12:00:00",51157,55230
"2024-12-27 13:00:00",54805,55252
"2024-12-27 14:00:00",58383,55270
"2024-12-27 15:00:00",61267,55266
"2024-12-27 16:00:00",63757,55257
"2024-12-27 17:00:00",66623,55262
"2024-12-27 18:00:00",69295,55268
"2024-12-27 19:00:00",71437,55284
"2024-12-27 20:00:00",72080,55299
"2024-12-27 21:00:00",71857,55310
"2024-12-27 22:00:00",69087,55328
"2024-12-27 23:00:00",64606,55346
"2024-12-28 00:00:00",60069,55380
"2024-12-28 01:00:00",55227,55413
"2024-12-28 02:00:00",51406,55436
"2024-12-28 03:00:00",48409,55453
"2024-12-28 04:00:00",46102,55472
"2024-12-28 05:00:00",43543,55491
"2024-12-28 06:00:00",40883,55522
"2024-12-28 07:00:00",38887,55563
"2024-12-28 08:00:00",38240,55590
"2024-12-28 09:00:00",40572,55606
"2024-12-28 10:00:00",44089,55606
"2024-12-28 11:00:00",48159,55615
"2024-12-28 12:00:00",51553,55622
"2024-12-28 13:00:00",54968,55654
"2024-12-28 14:00:00",57811,55689
"2024-12-28 15:00:00",60678,55721
"2024-12-28 16:00:00",63771,55763
"2024-12-28 17:00:00",66864,55818
"2024-12-28 18:00:00",69759,55882
"2024-12-28 19:00:00",71747,55959
"2024-12-28 20:00:00",72249,56029
"2024-12-28 21:00:00",72169,56092
"2024-12-28 22:00:00",69451,56147
"2024-12-28 23:00:00",65517,56195
"2024-12-29 00:00:00",60956,56226
"2024-12-29 01:00:00",55870,56261
"2024-12-29 02:00:00",51863,56309
"2024-12-29 03:00:00",48800,56356
"2024-12-29 04:00:00",46406,56393
"2024-12-29 05:00:00",44200,56417
"2024-12-29 06:00:00",41708,56423
"2024-12-29 07:00:00",39228,56408
"2024-12-29 08:00:00",38311,56384
"2024-12-29 09:00:00",40248,56344
"2024-12-29 10:00:00",44066,56333
"2024-12-29 11:00:00",48240,56323
"2024-12-29 12:00:00",52544,56315
"2024-12-29 13:00:00",56279,56303
"2024-12-29 14:00:00",59053,56298
"2024-12-29 15:00:00",62056,56298
"2024-12-29 16:00:00",65495,56303
"2024-12-29 17:00:00",68793,56303
"2024-12-29 18:00:00",72150,56326
"2024-12-29 19:00:00",73987,56336
"2024-12-29 20:00:00",74215,56363
"2024-12-29 21:00:00",73873,56387
"2024-12-29 22:00:00",70744,56410
"2024-12-29 23:00:00",66236,56436
"2024-12-30 00:00:00",61923,56453
"2024-12-30 01:00:00",57303,56466
"2024-12-30 02:00:00",53296,56479
"2024-12-30 03:00:00",49978,56488
"2024-12-30 04:00:00",46987,56496
"2024-12-30 05:00:00",44150,56502
"2024-12-30 06:00:00",41123,56501
"2024-12-30 07:00:00",38452,56495
"2024-12-30 08:00:00",37149,56478
"2024-12-30 09:00:00",39934,56467
"2024-12-30 10:00:00",43751,56446
"2024-12-30 11:00:00",47624,56425
"2024-12-30 12:00:00",51648,56425
"2024-12-30 13:00:00",55660,56445
"2024-12-30 14:00:00",58525,56460
"2024-12-30 15:00:00",61557,56470
"2024-12-30 16:00:00",64760,56424
"2024-12-30 17:00:00",68596,56304
"2024-12-30 18:00:00",71602,56068
"2024-12-30 19:00:00",74086,55757
"2024-12-30 20:00:00",74312,55390
"2024-12-30 21:00:00",74135,55034
"2024-12-30 22:00:00",71316,54697
"2024-12-30 23:00:00",66413,54426
"2024-12-31 00:00:00",61752,54232
"2024-12-31 01:00:00",57118,54152
"2024-12-31 02:00:00",53099,54119
"2024-12-31 03:00:00",49969,54082
"2024-12-31 04:00:00",47204,54028
"2024-12-31 05:00:00",44372,53980
"2024-12-31 06:00:00",41245,53952
"2024-12-31 07:00:00",38378,53963
"2024-12-31 08:00:00",36872,54007
"2024-12-31 09:00:00",39344,54047
"2024-12-31 10:00:00",43303,54018
"2024-12-31 11:00:00",48015,53971
"2024-12-31 12:00:00",52638,53909
"2024-12-31 13:00:00",56437,53836
"2024-12-31 14:00:00",59102,53784
"2024-12-31 15:00:00",60285,53756
"2024-12-31 16:00:00",60602,53750
"2024-12-31 17:00:00",60480,53770
"2024-12-31 18:00:00",60511,53861
"2024-12-31 19:00:00",60943,54004
"2024-12-31 20:00:00",61421,54188
"2024-12-31 21:00:00",61739,54368
"2024-12-31 22:00:00",61405,54558
"2024-12-31 23:00:00",59373,54713
"2025-01-01 00:00:00",58814,54858
"2025-01-01 01:00:00",55882,54940
"2025-01-01 02:00:00",51598,54968
"2025-01-01 03:00:00",47724,54999
"2025-01-01 04:00:00",45181,55046
"2025-01-01 05:00:00",43090,55080
"2025-01-01 06:00:00",41492,55116
"2025-01-01 07:00:00",39955,55130
"2025-01-01 08:00:00",38446,55120
"2025-01-01 09:00:00",38349,55067
"2025-01-01 10:00:00",41199,55061
"2025-01-01 11:00:00",44998,55062
"2025-01-01 12:00:00",49345,55069
"2025-01-01 13:00:00",54007,55091
"2025-01-01 14:00:00",58552,55139
"2025-01-01 15:00:00",62112,55204
"2025-01-01 16:00:00",65602,55311
"2025-01-01 17:00:00",69803,55486
"2025-01-01 18:00:00",72990,55700
"2025-01-01 19:00:00",74945,55982
"2025-01-01 20:00:00",75113,56192
"2025-01-01 21:00:00",74532,56317
"2025-01-01 22:00:00",71315,56394
"2025-01-01 23:00:00",66650,56443
"2025-01-02 00:00:00",62757,56660
"2025-01-02 01:00:00",57985,56797
"2025-01-02 02:00:00",54268,56886
"2025-01-02 03:00:00",50853,56958
"2025-01-02 04:00:00",47449,56994
"2025-01-02 05:00:00",44506,57006
"2025-01-02 06:00:00",41290,56985
"2025-01-02 07:00:00",38822,56950
"2025-01-02 08:00:00",37200,56911
"2025-01-02 09:00:00",39578,56925
"2025-01-02 10:00:00",43279,56960
"2025-01-02 11:00:00",47516,57011
"2025-01-02 12:00:00",51911,57056
"2025-01-02 13:00:00",56481,57099
"2025-01-02 14:00:00",60162,57124
"2025-01-02 15:00:00",63435,57136
"2025-01-02 16:00:00",66795,57134
"2025-01-02 17:00:00",70495,57108
"2025-01-02 18:00:00",75319,57092
"2025-01-02 19:00:00",74605,56979
"2025-01-02 20:00:00",71925,56890
"2025-01-02 21:00:00",71228,56879
"2025-01-02 22:00:00",68570,56897
"2025-01-02 23:00:00",72734,57082
"2025-01-03 00:00:00",66902,57029
"2025-01-03 01:00:00",59839,56954
"2025-01-03 02:00:00",55115,56901
"2025-01-03 03:00:00",50809,56865
"2025-01-03 04:00:00",47038,56855
"2025-01-03 05:00:00",43834,56866
"2025-01-03 06:00:00",40677,56889
"2025-01-03 07:00:00",38140,56926
"2025-01-03 08:00:00",36977,56967
"2025-01-03 09:00:00",39596,57008
"2025-01-03 10:00:00",43611,57049
"2025-01-03 11:00:00",47605,57082
"2025-01-03 12:00:00",51919,57130
"2025-01-03 13:00:00",56393,57173
"2025-01-03 14:00:00",59704,57195
"2025-01-03 15:00:00",62529,57201
"2025-01-03 16:00:00",65217,57203
"2025-01-03 17:00:00",68136,57206
"2025-01-03 18:00:00",70853,57175
"2025-01-03 19:00:00",73238,57201
"2025-01-03 20:00:00",73880,57286
"2025-01-03 21:00:00",74025,57378
"2025-01-03 22:00:00",71807,57471
"2025-01-03 23:00:00",67370,57396
"2025-01-04 00:00:00",62340,57324
"2025-01-04 01:00:00",56885,57284
"2025-01-04 02:00:00",53595,57279
"2025-01-04 03:00:00",50639,57292
"2025-01-04 04:00:00",47981,57328
"2025-01-04 05:00:00",45260,57373
"2025-01-04 06:00:00",42755,57439
"2025-01-04 07:00:00",40025,57498
"2025-01-04 08:00:00",38705,57563
"2025-01-04 09:00:00",41070,57612
"2025-01-04 10:00:00",44955,57669
"2025-01-04 11:00:00",49669,57744
"2025-01-04 12:00:00",53861,57818
"2025-01-04 13:00:00",57715,57889
"2025-01-04 14:00:00",60691,57956
"2025-01-04 15:00:00",63937,58044
"2025-01-04 16:00:00",67295,58150
"2025-01-04 17:00:00",70508,58256
"2025-01-04 18:00:00",73197,58356
"2025-01-04 19:00:00",75385,58457
"2025-01-04 20:00:00",75632,58515
"2025-01-04 21:00:00",75460,58558
"2025-01-04 22:00:00",73089,58524
"2025-01-04 23:00:00",68178,58415
"2025-01-05 00:00:00",63177,58296
"2025-01-05 01:00:00",58062,58207
"2025-01-05 02:00:00",54393,58139
"2025-01-05 03:00:00",51517,58093
"2025-01-05 04:00:00",48886,58043
"2025-01-05 05:00:00",46464,57978
"2025-01-05 06:00:00",43859,57888
"2025-01-05 07:00:00",41511,57791
"2025-01-05 08:00:00",39722,57683
"2025-01-05 09:00:00",42506,57607
"2025-01-05 10:00:00",46635,57528
"2025-01-05 11:00:00",51368,57439
"2025-01-05 12:00:00",55981,57341
"2025-01-05 13:00:00",60013,57231
"2025-01-05 14:00:00",63565,57151
"2025-01-05 15:00:00",66986,57095
"2025-01-05 16:00:00",70115,57058
"2025-01-05 17:00:00",73053,57033
"2025-01-05 18:00:00",75973,57015
"2025-01-05 19:00:00",76562,56944
"2025-01-05 20:00:00",76382,56853
"2025-01-05 21:00:00",72689,56667
"2025-01-05 22:00:00",67213,56392
"2025-01-05 23:00:00",61751,56075
"2025-01-06 00:00:00",57816,55798
"2025-01-06 01:00:00",54039,55583
"2025-01-06 02:00:00",51338,55434
"2025-01-06 03:00:00",48197,55298
"2025-01-06 04:00:00",44567,55151
"2025-01-06 05:00:00",40924,54976
"2025-01-06 06:00:00",37635,54786
"2025-01-06 07:00:00",35132,54598
"2025-01-06 08:00:00",34428,54441
"2025-01-06 09:00:00",36836,54274
"2025-01-06 10:00:00",40332,54080
"2025-01-06 11:00:00",44180,53840
"2025-01-06 12:00:00",47973,53556
"2025-01-06 13:00:00",52797,53293
"2025-01-06 14:00:00",57298,53071
"2025-01-06 15:00:00",61872,52884
"2025-01-06 16:00:00",65814,52715
"2025-01-06 17:00:00",68879,52556
"2025-01-06 18:00:00",70764,52375
"2025-01-06 19:00:00",70844,52178
"2025-01-06 20:00:00",69695,51959
"2025-01-06 21:00:00",64905,51713
"2025-01-06 22:00:00",57894,51421
"2025-01-06 23:00:00",53270,51157
"2025-01-07 00:00:00",50997,51076
"2025-01-07 01:00:00",49459,51029
"2025-01-07 02:00:00",47714,50970
"2025-01-07 03:00:00",45162,50916
"2025-01-07 04:00:00",41512,50855
"2025-01-07 05:00:00",37903,50786
"2025-01-07 06:00:00",34869,50719
"2025-01-07 07:00:00",32762,50660
"2025-01-07 08:00:00",32043,50600
"2025-01-07 09:00:00",33723,50525
"2025-01-07 10:00:00",35907,50409
"2025-01-07 11:00:00",38447,50256
"2025-01-07 12:00:00",42395,50111
"2025-01-07 13:00:00",48288,50007
"2025-01-07 14:00:00",53232,49912
"2025-01-07 15:00:00",57796,49819
"2025-01-07 16:00:00",62071,49732
"2025-01-07 17:00:00",65285,49649
"2025-01-07 18:00:00",66943,49557
"2025-01-07 19:00:00",67059,49463
"2025-01-07 20:00:00",65828,49364
"2025-01-07 21:00:00",60492,49242
"2025-01-07 22:00:00",53995,49133
"2025-01-07 23:00:00",57337,49214
"2025-01-08 00:00:00",54064,49157
"2025-01-08 01:00:00",50646,49086
"2025-01-08 02:00:00",48501,49048
"2025-01-08 03:00:00",45591,49019
"2025-01-08 04:00:00",41431,48987
"2025-01-08 05:00:00",37684,48961
"2025-01-08 06:00:00",34556,48938
"2025-01-08 07:00:00",32414,48920
"2025-01-08 08:00:00",31866,48909
"2025-01-08 09:00:00",33009,48881
"2025-01-08 10:00:00",34915,48846
"2025-01-08 11:00:00",37671,48815
"2025-01-08 12:00:00",42568,48804
"2025-01-08 13:00:00",48418,48781
"2025-01-08 14:00:00",53469,48764
"2025-01-08 15:00:00",57994,48748
"2025-01-08 16:00:00",62293,48742
"2025-01-08 17:00:00",65321,48727
"2025-01-08 18:00:00",66840,48703
"2025-01-08 19:00:00",66812,48692
"2025-01-08 20:00:00",65043,48670
"2025-01-08 21:00:00",59723,48647
"2025-01-08 22:00:00",52869,48617
"2025-01-08 23:00:00",49455,48420
"2025-01-09 00:00:00",48043,48268
"2025-01-09 01:00:00",47158,48175
"2025-01-09 02:00:00",46033,48105
"2025-01-09 03:00:00",43700,48056
"2025-01-09 04:00:00",40072,48025
"2025-01-09 05:00:00",36686,48010
"2025-01-09 06:00:00",33888,48012
"2025-01-09 07:00:00",31896,48016
"2025-01-09 08:00:00",31170,48014
"2025-01-09 09:00:00",32307,48011
"2025-01-09 10:00:00",34096,47996
"2025-01-09 11:00:00",36605,47983
"2025-01-09 12:00:00",40865,47967
"2025-01-09 13:00:00",46883,47973
"2025-01-09 14:00:00",52000,47988
"2025-01-09 15:00:00",57110,48015
"2025-01-09 16:00:00",61191,48017
"2025-01-09 17:00:00",63794,48004
"2025-01-09 18:00:00",66441,48025
"2025-01-09 19:00:00",66552,48081
"2025-01-09 20:00:00",64720,48146
"2025-01-09 21:00:00",59511,48244
"2025-01-09 22:00:00",53341,48428
"2025-01-09 23:00:00",49680,48646
"2025-01-10 00:00:00",47843,48824
"2025-01-10 01:00:00",46766,48947
"2025-01-10 02:00:00",46007,49029
"2025-01-10 03:00:00",43941,49089
"2025-01-10 04:00:00",40805,49167
"2025-01-10 05:00:00",37957,49274
"2025-01-10 06:00:00",34981,49383
"2025-01-10 07:00:00",32941,49495
"2025-01-10 08:00:00",32238,49606
"2025-01-10 09:00:00",32738,49724
"2025-01-10 10:00:00",35145,49903
"2025-01-10 11:00:00",38584,50135
"2025-01-10 12:00:00",44040,50408
"2025-01-10 13:00:00",50663,50666
"2025-01-10 14:00:00",55487,50866
"2025-01-10 15:00:00",59358,51002
"2025-01-10 16:00:00",63270,51118
"2025-01-10 17:00:00",66044,51230
"2025-01-10 18:00:00",70960,51408
"2025-01-10 19:00:00",71787,51577
"2025-01-10 20:00:00",72131,51817
"2025-01-10 21:00:00",71729,52199
"2025-01-10 22:00:00",68457,52663
"2025-01-10 23:00:00",63015,53072
"2025-01-11 00:00:00",57712,53387
"2025-01-11 01:00:00",53059,53595
"2025-01-11 02:00:00",50206,53735
"2025-01-11 03:00:00",48502,53879
"2025-01-11 04:00:00",46465,54049
"2025-01-11 05:00:00",44122,54229
"2025-01-11 06:00:00",41501,54423
"2025-01-11 07:00:00",39404,54620
"2025-01-11 08:00:00",40571,54872
"2025-01-11 09:00:00",44342,55214
"2025-01-11 10:00:00",48851,55624
"2025-01-11 11:00:00",52869,56060
"2025-01-11 12:00:00",56067,56438
"2025-01-11 13:00:00",59063,56717
"2025-01-11 14:00:00",61660,56931
"2025-01-11 15:00:00",64467,57115
"2025-01-11 16:00:00",67794,57288
"2025-01-11 17:00:00",70576,57462
"2025-01-11 18:00:00",73261,57569
"2025-01-11 19:00:00",74769,57683
"2025-01-11 20:00:00",75293,57784
"2025-01-11 21:00:00",74745,57847
"2025-01-11 22:00:00",71071,57823
"2025-01-11 23:00:00",65993,57761
"2025-01-12 00:00:00",60440,57692
"2025-01-12 01:00:00",55139,57633
"2025-01-12 02:00:00",51746,57601
"2025-01-12 03:00:00",49529,57575
"2025-01-12 04:00:00",47037,57531
"2025-01-12 05:00:00",44985,57483
"2025-01-12 06:00:00",42603,57426
"2025-01-12 07:00:00",40559,57362
"2025-01-12 08:00:00",41148,57280
"2025-01-12 09:00:00",45246,57196
"2025-01-12 10:00:00",50371,57099
"2025-01-12 11:00:00",55003,56988
"2025-01-12 12:00:00",58838,56876
"2025-01-12 13:00:00",61911,56775
"2025-01-12 14:00:00",64616,56707
"2025-01-12 15:00:00",67900,56682
"2025-01-12 16:00:00",71341,56680
"2025-01-12 17:00:00",74091,56684
"2025-01-12 18:00:00",75558,56656
"2025-01-12 19:00:00",75559,56579
"2025-01-12 20:00:00",73080,56408
"2025-01-12 21:00:00",65979,56034
"2025-01-12 22:00:00",57905,55538
"2025-01-12 23:00:00",52714,55056
"2025-01-13 00:00:00",49675,54672
"2025-01-13 01:00:00",48001,54423
"2025-01-13 02:00:00",46491,54244
"2025-01-13 03:00:00",43909,54057
"2025-01-13 04:00:00",40138,53833
"2025-01-13 05:00:00",36464,53560
"2025-01-13 05:10:00",35495,
"2025-01-13 05:20:00",35211,
"2025-01-13 05:30:00",34579,
"2025-01-13 05:40:00",33996,
"2025-01-13 05:50:00",33622,
"2025-01-13 06:00:00",33302,53262
"2025-01-13 06:10:00",32794,
"2025-01-13 06:20:00",32372,
"2025-01-13 06:30:00",32046,
"2025-01-13 06:40:00",31657,
"2025-01-13 06:50:00",31338,
"2025-01-13 07:00:00",31086,52963
"2025-01-13 07:10:00",30792,
"2025-01-13 07:20:00",30742,
"2025-01-13 07:30:00",30494,
"2025-01-13 07:40:00",30511,
"2025-01-13 07:50:00",30404,
"2025-01-13 08:00:00",30384,52626
"2025-01-13 08:10:00",30394,
"2025-01-13 08:20:00",30358,
"2025-01-13 08:30:00",30357,
"2025-01-13 08:40:00",30450,
"2025-01-13 08:50:00",30463,
"2025-01-13 09:00:00",30590,52190
"2025-01-13 09:10:00",30741,
"2025-01-13 09:20:00",30907,
"2025-01-13 09:30:00",31012,
"2025-01-13 09:40:00",31194,
"2025-01-13 09:50:00",31444,
"2025-01-13 10:00:00",31704,51642
"2025-01-13 10:10:00",32009,
"2025-01-13 10:20:00",32282,
"2025-01-13 10:30:00",32536,
"2025-01-13 10:40:00",32835,
"2025-01-13 10:50:00",33305,
"2025-01-13 11:00:00",33641,51025
"2025-01-13 11:10:00",33996,
"2025-01-13 11:20:00",34521,
"2025-01-13 11:30:00",34896,
"2025-01-13 11:40:00",35282,
"2025-01-13 11:50:00",35851,
"2025-01-13 12:00:00",36472,50434
"2025-01-13 12:10:00",36994,
"2025-01-13 12:20:00",37711,
"2025-01-13 12:30:00",38425,
"2025-01-13 12:40:00",39242,
"2025-01-13 12:50:00",40187,
"2025-01-13 13:00:00",41192,49931
"2025-01-13 13:10:00",42160,
"2025-01-13 13:20:00",42934,
"2025-01-13 13:30:00",43831,
"2025-01-13 13:40:00",44826,
"2025-01-13 13:50:00",45881,
"2025-01-13 14:00:00",46813,49506
"2025-01-13 14:10:00",47776,
"2025-01-13 14:20:00",48685,
"2025-01-13 14:30:00",49527,
"2025-01-13 14:40:00",50324,
"2025-01-13 14:50:00",51080,
"2025-01-13 15:00:00",51815,49131
"2025-01-13 15:10:00",52442,
"2025-01-13 15:20:00",53266,
"2025-01-13 15:30:00",54070,
"2025-01-13 15:40:00",55086,
"2025-01-13 15:50:00",56005,
"2025-01-13 16:00:00",56951,48768
"2025-01-13 16:10:00",57675,
"2025-01-13 16:20:00",58197,
"2025-01-13 16:30:00",58880,
"2025-01-13 16:40:00",59396,
"2025-01-13 16:50:00",59926,
"2025-01-13 17:00:00",60363,48420
"2025-01-13 17:10:00",60864,
"2025-01-13 17:20:00",61306,
"2025-01-13 17:30:00",61943,
"2025-01-13 17:40:00",62469,
"2025-01-13 17:50:00",63217,
"2025-01-13 18:00:00",63604,48051
"2025-01-13 18:10:00",63647,
"2025-01-13 18:20:00",63766,
"2025-01-13 18:30:00",63937,
"2025-01-13 18:40:00",64159,
"2025-01-13 18:50:00",64223,
"2025-01-13 19:00:00",64217,47686
"2025-01-13 19:10:00",63910,
"2025-01-13 19:20:00",63519,
"2025-01-13 19:30:00",63246,
"2025-01-13 19:40:00",62967,
"2025-01-13 19:50:00",62549,
"2025-01-13 20:00:00",62010,47329
"2025-01-13 20:10:00",60969,
"2025-01-13 20:20:00",60177,
"2025-01-13 20:30:00",59440,
"2025-01-13 20:40:00",58332,
"2025-01-13 20:50:00",57480,
"2025-01-13 21:00:00",56500,47022
"2025-01-13 21:10:00",54884,
"2025-01-13 21:20:00",53749,
"2025-01-13 21:30:00",52673,
"2025-01-13 21:40:00",51840,
"2025-01-13 21:50:00",51034,
"2025-01-13 22:00:00",50169,46774
"2025-01-13 22:10:00",49351,
"2025-01-13 22:20:00",48630,
"2025-01-13 22:30:00",48110,
"2025-01-13 22:40:00",47560,
"2025-01-13 22:50:00",47090,
"2025-01-13 23:00:00",46982,46612
"2025-01-13 23:10:00",46456,
"2025-01-13 23:20:00",46146,
"2025-01-13 23:30:00",45891,
"2025-01-13 23:40:00",45847,
"2025-01-13 23:50:00",45645,
"2025-01-14 00:00:00",45912,46553
"2025-01-14 00:10:00",45671,
"2025-01-14 00:20:00",45440,
"2025-01-14 00:30:00",45413,
"2025-01-14 00:40:00",45492,
"2025-01-14 00:50:00",45473,
"2025-01-14 01:00:00",45315,46513
"2025-01-14 01:10:00",45094,
"2025-01-14 01:20:00",45039,
"2025-01-14 01:30:00",44828,
"2025-01-14 01:40:00",44576,
"2025-01-14 01:50:00",44434,
"2025-01-14 02:00:00",44268,46471
"2025-01-14 02:10:00",43901,
"2025-01-14 02:20:00",43566,
"2025-01-14 02:30:00",43316,
"2025-01-14 02:40:00",42879,
"2025-01-14 02:50:00",42459,
"2025-01-14 03:00:00",42105,46439
"2025-01-14 03:10:00",41277,
"2025-01-14 03:20:00",40726,
"2025-01-14 03:30:00",40219,
"2025-01-14 03:40:00",39629,
"2025-01-14 03:50:00",39008,
"2025-01-14 04:00:00",38653,46414
"2025-01-14 04:10:00",37773,
"2025-01-14 04:20:00",37132,
"2025-01-14 04:30:00",36613,
"2025-01-14 04:40:00",35978,
"2025-01-14 04:50:00",35447,
"2025-01-14 05:00:00",35106,46385
"2025-01-14 05:10:00",34435,
"2025-01-14 05:20:00",34009,
"2025-01-14 05:30:00",33530,
"2025-01-14 05:40:00",33042,
"2025-01-14 05:50:00",32741,
"2025-01-14 06:00:00",32450,46369
"2025-01-14 06:10:00",31964,
"2025-01-14 06:20:00",31690,
"2025-01-14 06:30:00",31405,
"2025-01-14 06:40:00",30935,
"2025-01-14 06:50:00",30743,
"2025-01-14 07:00:00",30532,46360
"2025-01-14 07:10:00",30427,
"2025-01-14 07:20:00",30257,
"2025-01-14 07:30:00",30126,
"2025-01-14 07:40:00",30058,
"2025-01-14 07:50:00",29991,
"2025-01-14 08:00:00",30053,46360
"2025-01-14 08:10:00",30013,
"2025-01-14 08:20:00",30003,
"2025-01-14 08:30:00",30036,
"2025-01-14 08:40:00",29972,
"2025-01-14 08:50:00",29666,
"2025-01-14 09:00:00",29737,46346
"2025-01-14 09:10:00",29772,
"2025-01-14 09:20:00",29877,
"2025-01-14 09:30:00",30015,
"2025-01-14 09:40:00",30315,
"2025-01-14 09:50:00",30526,
"2025-01-14 10:00:00",30886,46339
"2025-01-14 10:10:00",31162,
"2025-01-14 10:20:00",31551,
"2025-01-14 10:30:00",31822,
"2025-01-14 10:40:00",32272,
"2025-01-14 10:50:00",32485,
"2025-01-14 11:00:00",33043,46377
"2025-01-14 11:10:00",33438,
"2025-01-14 11:20:00",33922,
"2025-01-14 11:30:00",34819,
"2025-01-14 11:40:00",35613,
"2025-01-14 11:50:00",36289,
"2025-01-14 12:00:00",37008,46423
"2025-01-14 12:10:00",37795,
"2025-01-14 12:20:00",38596,
"2025-01-14 12:30:00",39283,
"2025-01-14 12:40:00",40133,
"2025-01-14 12:50:00",41073,
"2025-01-14 13:00:00",42103,46467
"2025-01-14 13:10:00",42972,
"2025-01-14 13:20:00",44055,
"2025-01-14 13:30:00",45017,
"2025-01-14 13:40:00",45895,
"2025-01-14 13:50:00",46755,
"2025-01-14 14:00:00",47696,46507
"2025-01-14 14:10:00",48488,
"2025-01-14 14:20:00",49437,
"2025-01-14 14:30:00",50262,
"2025-01-14 14:40:00",51093,
"2025-01-14 14:50:00",51803,
"2025-01-14 15:00:00",52610,46531
"2025-01-14 15:10:00",53150,
"2025-01-14 15:20:00",53769,
"2025-01-14 15:30:00",54544,
"2025-01-14 15:40:00",55574,
"2025-01-14 15:50:00",56315,
"2025-01-14 16:00:00",57054,46552
"2025-01-14 16:10:00",57827,
"2025-01-14 16:20:00",58451,
"2025-01-14 16:30:00",59168,
"2025-01-14 16:40:00",59674,
"2025-01-14 16:50:00",60230,
"2025-01-14 17:00:00",60778,46549
"2025-01-14 17:10:00",61315,
"2025-01-14 17:20:00",61658,
"2025-01-14 17:30:00",62196,
"2025-01-14 17:40:00",62526,
"2025-01-14 17:50:00",62950,
"2025-01-14 18:00:00",63370,46572
"2025-01-14 18:10:00",63681,
"2025-01-14 18:20:00",64320,
"2025-01-14 18:30:00",64594,
"2025-01-14 18:40:00",64672,
"2025-01-14 18:50:00",64541,
"2025-01-14 19:00:00",64577,46586
"2025-01-14 19:10:00",64172,
"2025-01-14 19:20:00",63882,
"2025-01-14 19:30:00",63477,
"2025-01-14 19:40:00",62977,
"2025-01-14 19:50:00",62698,
"2025-01-14 20:00:00",62368,46601
"2025-01-14 20:10:00",61297,
"2025-01-14 20:20:00",60654,
"2025-01-14 20:30:00",59791,
"2025-01-14 20:40:00",58857,
"2025-01-14 20:50:00",57971,
"2025-01-14 21:00:00",57061,46626
"2025-01-14 21:10:00",55504,
"2025-01-14 21:20:00",54275,
"2025-01-14 21:30:00",53212,
"2025-01-14 21:40:00",53212,
"2025-01-14 21:50:00",53212,
"2025-01-14 22:00:00",53212,46736
"2025-01-14 22:10:00",53212,
"2025-01-14 22:20:00",49369,
"2025-01-14 22:30:00",48645,
"2025-01-14 22:40:00",48018,
"2025-01-14 22:50:00",47580,
"2025-01-14 23:00:00",47502,46982
"2025-01-14 23:10:00",46920,
"2025-01-14 23:20:00",54558,
"2025-01-14 23:30:00",53969,
"2025-01-14 23:40:00",52963,
"2025-01-14 23:50:00",52074,
"2025-01-15 00:00:00",51655,47131
"2025-01-15 00:10:00",51065,
"2025-01-15 00:20:00",50575,
"2025-01-15 00:30:00",50149,
"2025-01-15 00:40:00",49800,
"2025-01-15 00:50:00",49489,
"2025-01-15 01:00:00",49113,47222
"2025-01-15 01:10:00",48877,
"2025-01-15 01:20:00",48882,
"2025-01-15 01:30:00",48781,
"2025-01-15 01:40:00",48468,
"2025-01-15 01:50:00",48055,
"2025-01-15 02:00:00",47652,47311
"2025-01-15 02:10:00",47110,
"2025-01-15 02:20:00",46664,
"2025-01-15 02:30:00",46610,
"2025-01-15 02:40:00",46298,
"2025-01-15 02:50:00",45706,
"2025-01-15 03:00:00",45198,47397
"2025-01-15 03:10:00",44367,
"2025-01-15 03:20:00",43552,
"2025-01-15 03:30:00",42908,
"2025-01-15 03:40:00",42138,
"2025-01-15 03:50:00",41458,
"2025-01-15 04:00:00",40721,47449
"2025-01-15 04:10:00",39955,
"2025-01-15 04:20:00",39247,
"2025-01-15 04:30:00",38530,
"2025-01-15 04:40:00",37850,
"2025-01-15 04:50:00",37309,
"2025-01-15 05:00:00",36881,47498
"2025-01-15 05:10:00",36272,
"2025-01-15 05:20:00",35579,
"2025-01-15 05:30:00",35236,
"2025-01-15 05:40:00",34767,
"2025-01-15 05:50:00",34208,
"2025-01-15 06:00:00",33841,47538
"2025-01-15 06:10:00",33301,
"2025-01-15 06:20:00",33049,
"2025-01-15 06:30:00",32690,
"2025-01-15 06:40:00",32428,
"2025-01-15 06:50:00",32094,
"2025-01-15 07:00:00",31833,47599
"2025-01-15 07:10:00",32245,
"2025-01-15 07:20:00",32467,
"2025-01-15 07:30:00",32469,
"2025-01-15 07:40:00",32416,
"2025-01-15 07:50:00",32212,
"2025-01-15 08:00:00",32111,47671
"2025-01-15 08:10:00",32336,
"2025-01-15 08:20:00",32316,
"2025-01-15 08:30:00",32281,
"2025-01-15 08:40:00",32291,
"2025-01-15 08:50:00",32375,
"2025-01-15 09:00:00",32464,47761
"2025-01-15 09:10:00",32548,
"2025-01-15 09:20:00",32740,
"2025-01-15 09:30:00",32933,
"2025-01-15 09:40:00",33122,
"2025-01-15 09:50:00",33389,
"2025-01-15 10:00:00",33631,47866
"2025-01-15 10:10:00",34467,
"2025-01-15 10:20:00",34644,
"2025-01-15 10:30:00",34889,
"2025-01-15 10:40:00",35220,
"2025-01-15 10:50:00",35691,
"2025-01-15 11:00:00",36234,47941
"2025-01-15 11:10:00",36542,
"2025-01-15 11:20:00",37095,
"2025-01-15 11:30:00",37532,
"2025-01-15 11:40:00",37940,
"2025-01-15 11:50:00",38661,
"2025-01-15 12:00:00",39385,48009
"2025-01-15 12:10:00",39989,
"2025-01-15 12:20:00",40663,
"2025-01-15 12:30:00",41407,
"2025-01-15 12:40:00",42266,
"2025-01-15 12:50:00",43278,
"2025-01-15 13:00:00",44253,48080
"2025-01-15 13:10:00",45116,
"2025-01-15 13:20:00",46132,
"2025-01-15 13:30:00",47265,
"2025-01-15 13:40:00",48202,
"2025-01-15 13:50:00",49125,
"2025-01-15 14:00:00",49927,48140
"2025-01-15 14:10:00",50770,
"2025-01-15 14:20:00",51547,
"2025-01-15 14:30:00",52269,
"2025-01-15 14:40:00",53241,
"2025-01-15 14:50:00",53909,
"2025-01-15 15:00:00",55034,48190
"2025-01-15 15:10:00",55406,
"2025-01-15 15:20:00",56210,
"2025-01-15 15:30:00",56931,
"2025-01-15 15:40:00",57615,
"2025-01-15 15:50:00",58122,
"2025-01-15 16:00:00",58762,48216
"2025-01-15 16:10:00",59283,
"2025-01-15 16:20:00",59825,
"2025-01-15 16:30:00",60342,
"2025-01-15 16:40:00",61052,
"2025-01-15 16:50:00",61413,
"2025-01-15 17:00:00",61934,48256
"2025-01-15 17:10:00",62042,
"2025-01-15 17:20:00",62824,
"2025-01-15 17:30:00",63477,
"2025-01-15 17:40:00",63952,
"2025-01-15 17:50:00",64410,
"2025-01-15 18:00:00",64789,48273
"2025-01-15 18:10:00",64952,
"2025-01-15 18:20:00",65170,
"2025-01-15 18:30:00",65153,
"2025-01-15 18:40:00",65375,
"2025-01-15 18:50:00",65341,
"2025-01-15 19:00:00",65355,48295
"2025-01-15 19:10:00",65153,
"2025-01-15 19:20:00",65024,
"2025-01-15 19:30:00",64695,
"2025-01-15 19:40:00",64144,
"2025-01-15 19:50:00",63819,
"2025-01-15 20:00:00",63538,48331
"2025-01-15 20:10:00",62582,
"2025-01-15 20:20:00",61743,
"2025-01-15 20:30:00",60940,
"2025-01-15 20:40:00",59969,
"2025-01-15 20:50:00",59075,
"2025-01-15 21:00:00",58308,48372
"2025-01-15 21:10:00",56840,
"2025-01-15 21:20:00",55522,
"2025-01-15 21:30:00",54269,
"2025-01-15 21:40:00",53306,
"2025-01-15 21:50:00",52453,
"2025-01-15 22:00:00",51708,48314
"2025-01-15 22:10:00",50766,
"2025-01-15 22:20:00",50238,
"2025-01-15 22:30:00",49728,
"2025-01-15 22:40:00",49022,
"2025-01-15 22:50:00",48456,
"2025-01-15 23:00:00",48162,48081
"2025-01-15 23:10:00",47502,
"2025-01-15 23:20:00",46989,
"2025-01-15 23:30:00",46647,
"2025-01-15 23:40:00",46338,
"2025-01-15 23:50:00",46232,
"2025-01-16 00:00:00",46350,47885
"2025-01-16 00:10:00",46038,
"2025-01-16 00:20:00",45836,
"2025-01-16 00:30:00",45591,
"2025-01-16 00:40:00",45401,
"2025-01-16 00:50:00",45413,
"2025-01-16 01:00:00",45387,47749
"2025-01-16 01:10:00",45241,
"2025-01-16 01:20:00",45176,
"2025-01-16 01:30:00",45092,
"2025-01-16 01:40:00",44985,
"2025-01-16 01:50:00",44860,
"2025-01-16 02:00:00",44785,47644
"2025-01-16 02:10:00",44473,
"2025-01-16 02:20:00",44112,
"2025-01-16 02:30:00",43811,
"2025-01-16 02:40:00",43348,
"2025-01-16 02:50:00",43054,
"2025-01-16 03:00:00",42586,47549
"2025-01-16 03:10:00",41967,
"2025-01-16 03:20:00",41298,
"2025-01-16 03:30:00",40704,
"2025-01-16 03:40:00",40096,
"2025-01-16 03:50:00",39513,
"2025-01-16 04:00:00",39016,47489
"2025-01-16 04:10:00",38384,
"2025-01-16 04:20:00",37786,
"2025-01-16 04:30:00",37296,
"2025-01-16 04:40:00",36725,
"2025-01-16 04:50:00",36169,
"2025-01-16 05:00:00",35708,47450
"2025-01-16 05:10:00",35112,
"2025-01-16 05:20:00",34531,
"2025-01-16 05:30:00",34073,
"2025-01-16 05:40:00",33537,
"2025-01-16 05:50:00",33173,
"2025-01-16 06:00:00",32881,47419
"2025-01-16 06:10:00",32404,
"2025-01-16 06:20:00",32195,
"2025-01-16 06:30:00",31951,
"2025-01-16 06:40:00",31711,
"2025-01-16 06:50:00",31479,
"2025-01-16 07:00:00",31089,47373
"2025-01-16 07:10:00",30953,
"2025-01-16 07:20:00",30703,
"2025-01-16 07:30:00",30615,
"2025-01-16 07:40:00",30608,
"2025-01-16 07:50:00",30580,
"2025-01-16 08:00:00",30649,47322
"2025-01-16 08:10:00",30609,
"2025-01-16 08:20:00",30666,
"2025-01-16 08:30:00",30704,
"2025-01-16 08:40:00",30837,
"2025-01-16 08:50:00",30867,
"2025-01-16 09:00:00",31162,47282
"2025-01-16 09:10:00",31321,
"2025-01-16 09:20:00",31566,
"2025-01-16 09:30:00",31729,
"2025-01-16 09:40:00",31833,
"2025-01-16 09:50:00",32181,
"2025-01-16 10:00:00",32472,47238
"2025-01-16 10:10:00",32879,
"2025-01-16 10:20:00",33210,
"2025-01-16 10:30:00",33472,
"2025-01-16 10:40:00",33873,
"2025-01-16 10:50:00",34307,
"2025-01-16 11:00:00",34920,47187
"2025-01-16 11:10:00",35312,
"2025-01-16 11:20:00",35688,
"2025-01-16 11:30:00",36150,
"2025-01-16 11:40:00",36648,
"2025-01-16 11:50:00",37119,
"2025-01-16 12:00:00",37677,47119
"2025-01-16 12:10:00",38169,
"2025-01-16 12:20:00",38788,
"2025-01-16 12:30:00",39471,
"2025-01-16 12:40:00",40361,
"2025-01-16 12:50:00",41220,
"2025-01-16 13:00:00",42308,47046
"2025-01-16 13:10:00",43143,
"2025-01-16 13:20:00",44103,
"2025-01-16 13:30:00",45000,
"2025-01-16 13:40:00",45829,
"2025-01-16 13:50:00",46725,
"2025-01-16 14:00:00",47445,46972
"2025-01-16 14:10:00",48292,
"2025-01-16 14:20:00",49033,
"2025-01-16 14:30:00",49994,
"2025-01-16 14:40:00",50732,
"2025-01-16 14:50:00",51428,
"2025-01-16 15:00:00",52195,46885
"2025-01-16 15:10:00",52460,
"2025-01-16 15:20:00",53370,
"2025-01-16 15:30:00",54062,
"2025-01-16 15:40:00",54601,
"2025-01-16 15:50:00",55319,
"2025-01-16 16:00:00",56180,46821
"2025-01-16 16:10:00",56836,
"2025-01-16 16:20:00",57537,
"2025-01-16 16:30:00",58155,
"2025-01-16 16:40:00",58658,
"2025-01-16 16:50:00",59261,
"2025-01-16 17:00:00",60117,46764
"2025-01-16 17:10:00",60385,
"2025-01-16 17:20:00",60918,
"2025-01-16 17:30:00",61377,
"2025-01-16 17:40:00",61909,
"2025-01-16 17:50:00",62633,
"2025-01-16 18:00:00",63191,46719
"2025-01-16 18:10:00",63339,
"2025-01-16 18:20:00",63583,
"2025-01-16 18:30:00",63815,
"2025-01-16 18:40:00",64044,
"2025-01-16 18:50:00",63991,
"2025-01-16 19:00:00",64016,46675
"2025-01-16 19:10:00",63807,
"2025-01-16 19:20:00",63549,
"2025-01-16 19:30:00",63242,
"2025-01-16 19:40:00",62957,
"2025-01-16 19:50:00",62708,
"2025-01-16 20:00:00",62542,46650
"2025-01-16 20:10:00",61430,
"2025-01-16 20:20:00",60694,
"2025-01-16 20:30:00",59864,
"2025-01-16 20:40:00",58828,
"2025-01-16 20:50:00",57938,
"2025-01-16 21:00:00",57025,46624
"2025-01-16 21:10:00",55642,
"2025-01-16 21:20:00",54382,
"2025-01-16 21:30:00",53289,
"2025-01-16 21:40:00",52152,
"2025-01-16 21:50:00",51302,
"2025-01-16 22:00:00",50504,46622
"2025-01-16 22:10:00",49569,
"2025-01-16 22:20:00",48835,
"2025-01-16 22:30:00",48297,
"2025-01-16 22:40:00",47566,
"2025-01-16 22:50:00",47191,
"2025-01-16 23:00:00",46721,46626
"2025-01-16 23:10:00",46201,
"2025-01-16 23:20:00",45862,
"2025-01-16 23:30:00",45536,
"2025-01-16 23:40:00",45325,
"2025-01-16 23:50:00",45359,
"2025-01-17 00:00:00",45510,46646
"2025-01-17 00:10:00",45223,
"2025-01-17 00:20:00",45097,
"2025-01-17 00:30:00",44971,
"2025-01-17 00:40:00",44738,
"2025-01-17 00:50:00",44745,
"2025-01-17 01:00:00",44762,46656
"2025-01-17 01:10:00",44620,
"2025-01-17 01:20:00",44572,
"2025-01-17 01:30:00",44385,
"2025-01-17 01:40:00",44434,
"2025-01-17 01:50:00",44416,
"2025-01-17 02:00:00",44114,46651
"2025-01-17 02:10:00",43830,
"2025-01-17 02:20:00",43676,
"2025-01-17 02:30:00",43645,
"2025-01-17 02:40:00",43427,
"2025-01-17 02:50:00",43113,
"2025-01-17 03:00:00",42627,46665
"2025-01-17 03:10:00",42017,
"2025-01-17 03:20:00",41460,
"2025-01-17 03:30:00",40992,
"2025-01-17 03:40:00",40385,
"2025-01-17 03:50:00",39850,
"2025-01-17 04:00:00",39263,46685
"2025-01-17 04:10:00",38661,
"2025-01-17 04:20:00",38010,
"2025-01-17 04:30:00",37434,
"2025-01-17 04:40:00",36955,
"2025-01-17 04:50:00",36505,
"2025-01-17 05:00:00",36020,46715
"2025-01-17 05:10:00",35510,
"2025-01-17 05:20:00",34915,
"2025-01-17 05:30:00",34422,
"2025-01-17 05:40:00",34057,
"2025-01-17 05:50:00",33592,
"2025-01-17 06:00:00",33280,46754
"2025-01-17 06:10:00",32873,
"2025-01-17 06:20:00",32535,
"2025-01-17 06:30:00",32186,
"2025-01-17 06:40:00",31868,
"2025-01-17 06:50:00",31565,
"2025-01-17 07:00:00",31439,46790
"2025-01-17 07:10:00",31251,
"2025-01-17 07:20:00",31133,
"2025-01-17 07:30:00",31113,
"2025-01-17 07:40:00",31073,
"2025-01-17 07:50:00",31103,
"2025-01-17 08:00:00",31065,46834
"2025-01-17 08:10:00",31054,
"2025-01-17 08:20:00",31062,
"2025-01-17 08:30:00",31056,
"2025-01-17 08:40:00",31249,
"2025-01-17 08:50:00",31433,
"2025-01-17 09:00:00",31768,46893
"2025-01-17 09:10:00",31873,
"2025-01-17 09:20:00",32062,
"2025-01-17 09:30:00",32274,
"2025-01-17 09:40:00",32583,
"2025-01-17 09:50:00",32964,
"2025-01-17 10:00:00",33182,46962
"2025-01-17 10:10:00",33412,
"2025-01-17 10:20:00",33815,
"2025-01-17 10:30:00",34282,
"2025-01-17 10:40:00",34635,
"2025-01-17 10:50:00",35095,
"2025-01-17 11:00:00",35660,47057
"2025-01-17 11:10:00",36040,
"2025-01-17 11:20:00",36548,
"2025-01-17 11:30:00",37135,
"2025-01-17 11:40:00",37740,
"2025-01-17 11:50:00",38407,
"2025-01-17 12:00:00",39157,47201
"2025-01-17 12:10:00",39820,
"2025-01-17 12:20:00",40738,
"2025-01-17 12:30:00",41588,
"2025-01-17 12:40:00",42564,
"2025-01-17 12:50:00",43828,
"2025-01-17 13:00:00",44991,47360
"2025-01-17 13:10:00",46017,
"2025-01-17 13:20:00",47174,
"2025-01-17 13:30:00",48318,
"2025-01-17 13:40:00",49041,
"2025-01-17 13:50:00",50023,
"2025-01-17 14:00:00",51005,47493
"2025-01-17 14:10:00",51683,
"2025-01-17 14:20:00",52508,
"2025-01-17 14:30:00",53043,
"2025-01-17 14:40:00",53841,
"2025-01-17 14:50:00",54402,
"2025-01-17 15:00:00",55298,47620
"2025-01-17 15:10:00",55705,
"2025-01-17 15:20:00",56401,
"2025-01-17 15:30:00",57041,
"2025-01-17 15:40:00",57686,
"2025-01-17 15:50:00",58313,
"2025-01-17 16:00:00",59094,47702
"2025-01-17 16:10:00",59541,
"2025-01-17 16:20:00",60022,
"2025-01-17 16:30:00",60472,
"2025-01-17 16:40:00",60817,
"2025-01-17 16:50:00",61209,
"2025-01-17 17:00:00",61706,47741
"2025-01-17 17:10:00",61998,
"2025-01-17 17:20:00",62295,
"2025-01-17 17:30:00",62589,
"2025-01-17 17:40:00",63083,
"2025-01-17 17:50:00",63468,
"2025-01-17 18:00:00",64079,47799
"2025-01-17 18:10:00",64288,
"2025-01-17 18:20:00",64628,
"2025-01-17 18:30:00",64869,
"2025-01-17 18:40:00",65263,
"2025-01-17 18:50:00",65371,
"2025-01-17 19:00:00",65779,47912
"2025-01-17 19:10:00",65779,
"2025-01-17 19:20:00",65928,
"2025-01-17 19:30:00",66111,
"2025-01-17 19:40:00",66512,
"2025-01-17 19:50:00",66748,
"2025-01-17 20:00:00",67192,48098
"2025-01-17 20:10:00",66987,
"2025-01-17 20:20:00",67016,
"2025-01-17 20:30:00",66966,
"2025-01-17 20:40:00",66937,
"2025-01-17 20:50:00",66958,
"2025-01-17 21:00:00",66761,48477
"2025-01-17 21:10:00",66270,
"2025-01-17 21:20:00",65836,
"2025-01-17 21:30:00",65417,
"2025-01-17 21:40:00",64952,
"2025-01-17 21:50:00",64395,
"2025-01-17 22:00:00",63612,48986
"2025-01-17 22:10:00",62774,
"2025-01-17 22:20:00",61867,
"2025-01-17 22:30:00",61152,
"2025-01-17 22:40:00",60239,
"2025-01-17 22:50:00",59282,
"2025-01-17 23:00:00",58662,49450
"2025-01-17 23:10:00",57660,
"2025-01-17 23:20:00",56707,
"2025-01-17 23:30:00",55798,
"2025-01-17 23:40:00",55120,
"2025-01-17 23:50:00",54592,
"2025-01-18 00:00:00",53996,49780
"2025-01-18 00:10:00",53121,
"2025-01-18 00:20:00",52285,
"2025-01-18 00:30:00",51623,
"2025-01-18 00:40:00",51096,
"2025-01-18 00:50:00",50593,
"2025-01-18 01:00:00",50164,49989
"2025-01-18 01:10:00",49738,
"2025-01-18 01:20:00",49112,
"2025-01-18 01:30:00",48850,
"2025-01-18 01:40:00",48510,
"2025-01-18 01:50:00",48155,
"2025-01-18 02:00:00",47967,50137
"2025-01-18 02:10:00",47740,
"2025-01-18 02:20:00",47439,
"2025-01-18 02:30:00",47232,
"2025-01-18 02:40:00",46940,
"2025-01-18 02:50:00",46629,
"2025-01-18 03:00:00",46390,50278
"2025-01-18 03:10:00",46141,
"2025-01-18 03:20:00",45759,
"2025-01-18 03:30:00",45634,
"2025-01-18 03:40:00",45440,
"2025-01-18 03:50:00",45138,
"2025-01-18 04:00:00",44778,50487
"2025-01-18 04:10:00",44392,
"2025-01-18 04:20:00",44042,
"2025-01-18 04:30:00",44028,
"2025-01-18 04:40:00",43781,
"2025-01-18 04:50:00",43357,
"2025-01-18 05:00:00",43010,50754
"2025-01-18 05:10:00",42508,
"2025-01-18 05:20:00",42047,
"2025-01-18 05:30:00",41567,
"2025-01-18 05:40:00",41157,
"2025-01-18 05:50:00",40636,
"2025-01-18 06:00:00",40403,51025
"2025-01-18 06:10:00",39996,
"2025-01-18 06:20:00",39542,
"2025-01-18 06:30:00",39166,
"2025-01-18 06:40:00",38786,
"2025-01-18 06:50:00",38570,
"2025-01-18 07:00:00",38336,51290
"2025-01-18 07:10:00",38152,
"2025-01-18 07:20:00",37980,
"2025-01-18 07:30:00",38007,
"2025-01-18 07:40:00",38151,
"2025-01-18 07:50:00",38253,
"2025-01-18 08:00:00",38825,51644
"2025-01-18 08:10:00",38869,
"2025-01-18 08:20:00",39369,
"2025-01-18 08:30:00",39690,
"2025-01-18 08:40:00",40203,
"2025-01-18 08:50:00",40653,
"2025-01-18 09:00:00",41447,52094
"2025-01-18 09:10:00",41987,
"2025-01-18 09:20:00",42597,
"2025-01-18 09:30:00",43330,
"2025-01-18 09:40:00",44033,
"2025-01-18 09:50:00",44644,
"2025-01-18 10:00:00",45500,52632
"2025-01-18 10:10:00",46266,
"2025-01-18 10:20:00",46829,
"2025-01-18 10:30:00",47500,
"2025-01-18 10:40:00",48184,
"2025-01-18 10:50:00",48981,
"2025-01-18 11:00:00",49874,53185
"2025-01-18 11:10:00",50437,
"2025-01-18 11:20:00",51196,
"2025-01-18 11:30:00",51690,
"2025-01-18 11:40:00",52163,
"2025-01-18 11:50:00",52614,
"2025-01-18 12:00:00",53307,53632
"2025-01-18 12:10:00",53609,
"2025-01-18 12:20:00",54137,
"2025-01-18 12:30:00",54485,
"2025-01-18 12:40:00",54786,
"2025-01-18 12:50:00",55238,
"2025-01-18 13:00:00",55718,53945
"2025-01-18 13:10:00",56214,
"2025-01-18 13:20:00",56677,
"2025-01-18 13:30:00",57014,
"2025-01-18 13:40:00",57469,
"2025-01-18 13:50:00",57922,
"2025-01-18 14:00:00",58349,54198
"2025-01-18 14:10:00",58645,
"2025-01-18 14:20:00",59445,
"2025-01-18 14:30:00",59911,
"2025-01-18 14:40:00",60426,
"2025-01-18 14:50:00",60717,
"2025-01-18 15:00:00",61620,54392
"2025-01-18 15:10:00",61667,
"2025-01-18 15:20:00",62070,
"2025-01-18 15:30:00",62352,
"2025-01-18 15:40:00",62703,
"2025-01-18 15:50:00",63154,
"2025-01-18 16:00:00",63885,54585
"2025-01-18 16:10:00",64234,
"2025-01-18 16:20:00",64689,
"2025-01-18 16:30:00",64903,
"2025-01-18 16:40:00",65338,
"2025-01-18 16:50:00",65997,
"2025-01-18 17:00:00",66494,54795
"2025-01-18 17:10:00",66742,
"2025-01-18 17:20:00",67207,
"2025-01-18 17:30:00",67693,
"2025-01-18 17:40:00",68230,
"2025-01-18 17:50:00",68672,
"2025-01-18 18:00:00",69301,55019
"2025-01-18 18:10:00",69562,
"2025-01-18 18:20:00",69797,
"2025-01-18 18:30:00",70139,
"2025-01-18 18:40:00",70442,
"2025-01-18 18:50:00",70921,
"2025-01-18 19:00:00",71320,55232
"2025-01-18 19:10:00",71414,
"2025-01-18 19:20:00",71662,
"2025-01-18 19:30:00",71871,
"2025-01-18 19:40:00",71902,
"2025-01-18 19:50:00",71999,
"2025-01-18 20:00:00",72226,55434
"2025-01-18 20:10:00",72200,
"2025-01-18 20:20:00",72199,
"2025-01-18 20:30:00",72113,
"2025-01-18 20:40:00",71858,
"2025-01-18 20:50:00",71673,
"2025-01-18 21:00:00",71402,55616
"2025-01-18 21:10:00",70942,
"2025-01-18 21:20:00",70304,
"2025-01-18 21:30:00",69844,
"2025-01-18 21:40:00",69201,
"2025-01-18 21:50:00",68574,
"2025-01-18 22:00:00",67947,55775
"2025-01-18 22:10:00",67157,
"2025-01-18 22:20:00",66237,
"2025-01-18 22:30:00",65396,
"2025-01-18 22:40:00",64508,
"2025-01-18 22:50:00",63523,
"2025-01-18 23:00:00",62680,55914
"2025-01-18 23:10:00",61301,
"2025-01-18 23:20:00",60360,
"2025-01-18 23:30:00",59526,
"2025-01-18 23:40:00",58529,
"2025-01-18 23:50:00",57754,
"2025-01-19 00:00:00",57104,56018
"2025-01-19 00:10:00",56030,
"2025-01-19 00:20:00",55133,
"2025-01-19 00:30:00",54224,
"2025-01-19 00:40:00",53635,
"2025-01-19 00:50:00",53123,
"2025-01-19 01:00:00",52632,56102
"2025-01-19 01:10:00",51988,
"2025-01-19 01:20:00",51432,
"2025-01-19 01:30:00",50986,
"2025-01-19 01:40:00",50399,
"2025-01-19 01:50:00",49929,
"2025-01-19 02:00:00",49520,56155
"2025-01-19 02:10:00",49172,
"2025-01-19 02:20:00",48736,
"2025-01-19 02:30:00",48416,
"2025-01-19 02:40:00",48142,
"2025-01-19 02:50:00",47904,
"2025-01-19 03:00:00",47752,56204
"2025-01-19 03:10:00",47346,
"2025-01-19 03:20:00",47015,
"2025-01-19 03:30:00",46709,
"2025-01-19 03:40:00",46418,
"2025-01-19 03:50:00",46229,
"2025-01-19 04:00:00",45907,56246
"2025-01-19 04:10:00",45622,
"2025-01-19 04:20:00",45199,
"2025-01-19 04:30:00",44878,
"2025-01-19 04:40:00",44629,
"2025-01-19 04:50:00",44358,
"2025-01-19 05:00:00",43949,56280
"2025-01-19 05:10:00",43565,
"2025-01-19 05:20:00",43127,
"2025-01-19 05:30:00",42832,
"2025-01-19 05:40:00",42461,
"2025-01-19 05:50:00",42097,
"2025-01-19 06:00:00",41679,56327
"2025-01-19 06:10:00",41079,
"2025-01-19 06:20:00",40435,
"2025-01-19 06:30:00",40048,
"2025-01-19 06:40:00",39689,
"2025-01-19 06:50:00",39369,
"2025-01-19 07:00:00",39169,56381
"2025-01-19 07:10:00",38937,
"2025-01-19 07:20:00",38679,
"2025-01-19 07:30:00",38672,
"2025-01-19 07:40:00",38581,
"2025-01-19 07:50:00",38530,
"2025-01-19 08:00:00",38801,56413
"2025-01-19 08:10:00",39256,
"2025-01-19 08:20:00",39548,
"2025-01-19 08:30:00",39864,
"2025-01-19 08:40:00",40237,
"2025-01-19 08:50:00",40850,
"2025-01-19 09:00:00",41494,56435
"2025-01-19 09:10:00",41982,
"2025-01-19 09:20:00",42656,
"2025-01-19 09:30:00",43164,
"2025-01-19 09:40:00",43862,
"2025-01-19 09:50:00",44670,
"2025-01-19 10:00:00",45550,56484
"2025-01-19 10:10:00",46360,
"2025-01-19 10:20:00",47245,
"2025-01-19 10:30:00",48100,
"2025-01-19 10:40:00",48995,
"2025-01-19 10:50:00",49788,
"2025-01-19 11:00:00",50668,56552
"2025-01-19 11:10:00",51360,
"2025-01-19 11:20:00",52069,
"2025-01-19 11:30:00",52752,
"2025-01-19 11:40:00",53405,
"2025-01-19 11:50:00",54052,
"2025-01-19 12:00:00",54922,56683
"2025-01-19 12:10:00",55509,
"2025-01-19 12:20:00",56351,
"2025-01-19 12:30:00",56935,
"2025-01-19 12:40:00",57686,
"2025-01-19 12:50:00",58379,
"2025-01-19 13:00:00",59257,56822
"2025-01-19 13:10:00",59790,
"2025-01-19 13:20:00",60258,
"2025-01-19 13:30:00",60656,
"2025-01-19 13:40:00",60976,
"2025-01-19 13:50:00",61409,
"2025-01-19 14:00:00",61804,56934
"2025-01-19 14:10:00",62085,
"2025-01-19 14:20:00",62550,
"2025-01-19 14:30:00",62866,
"2025-01-19 14:40:00",63181,
"2025-01-19 14:50:00",63614,
"2025-01-19 15:00:00",64547,57066
"2025-01-19 15:10:00",64624,
"2025-01-19 15:20:00",65120,
"2025-01-19 15:30:00",65527,
"2025-01-19 15:40:00",65974,
"2025-01-19 15:50:00",66611,
"2025-01-19 16:00:00",67214,57206
"2025-01-19 16:10:00",67421,
"2025-01-19 16:20:00",67880,
"2025-01-19 16:30:00",68406,
"2025-01-19 16:40:00",69003,
"2025-01-19 16:50:00",69745,
"2025-01-19 17:00:00",70372,57349
"2025-01-19 17:10:00",70728,
"2025-01-19 17:20:00",71209,
"2025-01-19 17:30:00",71599,
"2025-01-19 17:40:00",72226,
"2025-01-19 17:50:00",72590,
"2025-01-19 18:00:00",73194,57482
"2025-01-19 18:10:00",73426,
"2025-01-19 18:20:00",73982,
"2025-01-19 18:30:00",74069,
"2025-01-19 18:40:00",74405,
"2025-01-19 18:50:00",74676,
"2025-01-19 19:00:00",74807,57573
"2025-01-19 19:10:00",74673,
"2025-01-19 19:20:00",74468,
"2025-01-19 19:30:00",74122,
"2025-01-19 19:40:00",73646,
"2025-01-19 19:50:00",73052,
"2025-01-19 20:00:00",72514,57561
"2025-01-19 20:10:00",71336,
"2025-01-19 20:20:00",70378,
"2025-01-19 20:30:00",69262,
"2025-01-19 20:40:00",68068,
"2025-01-19 20:50:00",66942,
"2025-01-19 21:00:00",65528,57299
"2025-01-19 21:10:00",63693,
"2025-01-19 21:20:00",62248,
"2025-01-19 21:30:00",60887,
"2025-01-19 21:40:00",59687,
"2025-01-19 21:50:00",58658,
"2025-01-19 22:00:00",57528,56859
"2025-01-19 22:10:00",56169,
"2025-01-19 22:20:00",55130,
"2025-01-19 22:30:00",54260,
"2025-01-19 22:40:00",53359,
"2025-01-19 22:50:00",52577,
"2025-01-19 23:00:00",51931,56414
"2025-01-19 23:10:00",51267,
"2025-01-19 23:20:00",50477,
"2025-01-19 23:30:00",49925,
"2025-01-19 23:40:00",49447,
"2025-01-19 23:50:00",48995,
"2025-01-20 00:00:00",48601,56069
"2025-01-20 00:10:00",48135,
"2025-01-20 00:20:00",47754,
"2025-01-20 00:30:00",47520,
"2025-01-20 00:40:00",47213,
"2025-01-20 00:50:00",47083,
"2025-01-20 01:00:00",46890,55842
"2025-01-20 01:10:00",46625,
"2025-01-20 01:20:00",46488,
"2025-01-20 01:30:00",46267,
"2025-01-20 01:40:00",46054,
"2025-01-20 01:50:00",46076,
"2025-01-20 02:00:00",45940,55706
"2025-01-20 02:10:00",45777,
"2025-01-20 02:20:00",45606,
"2025-01-20 02:30:00",45478,
"2025-01-20 02:40:00",45287,
"2025-01-20 02:50:00",45041,
"2025-01-20 03:00:00",44689,55593
"2025-01-20 03:10:00",44353,
"2025-01-20 03:20:00",44048,
"2025-01-20 03:30:00",43715,
"2025-01-20 03:40:00",43385,
"2025-01-20 03:50:00",43021,
"2025-01-20 04:00:00",42747,55476
"2025-01-20 04:10:00",42269,
"2025-01-20 04:20:00",41811,
"2025-01-20 04:30:00",41502,
"2025-01-20 04:40:00",41140,
"2025-01-20 04:50:00",40819,
"2025-01-20 05:00:00",40448,55348
"2025-01-20 05:10:00",39880,55348