"DateTime","Players","Average Players"
"2021-06-11 00:00:00",6672,
"2021-06-12 00:00:00",14699,
"2021-06-13 00:00:00",15774,
"2021-06-14 00:00:00",10997,
"2021-06-15 00:00:00",8282,
"2021-06-16 00:00:00",5644,
"2021-06-17 00:00:00",3673,
"2021-06-18 00:00:00",,
"2021-06-19 00:00:00",,
"2021-06-20 00:00:00",,
"2021-06-21 00:00:00",,
"2021-06-22 00:00:00",,
"2021-06-23 00:00:00",,
"2021-06-24 00:00:00",,
"2021-06-25 00:00:00",,
"2021-06-26 00:00:00",,
"2021-06-27 00:00:00",,
"2021-06-28 00:00:00",,
"2021-06-29 00:00:00",,
"2021-06-30 00:00:00",,
"2021-07-01 00:00:00",,
"2021-07-02 00:00:00",,
"2021-07-03 00:00:00",,
"2021-07-04 00:00:00",,
"2021-07-05 00:00:00",,
"2021-07-06 00:00:00",,
"2021-07-07 00:00:00",,
"2021-07-08 00:00:00",,
"2021-07-09 00:00:00",,
"2021-07-10 00:00:00",,
"2021-07-11 00:00:00",,
"2021-07-12 00:00:00",,
"2021-07-13 00:00:00",,
"2021-07-14 00:00:00",,
"2021-07-15 00:00:00",,
"2021-07-16 00:00:00",,
"2021-07-17 00:00:00",,
"2021-07-18 00:00:00",,
"2021-07-19 00:00:00",,
"2021-07-20 00:00:00",,
"2021-07-21 00:00:00",,
"2021-07-22 00:00:00",,
"2021-07-23 00:00:00",,
"2021-07-24 00:00:00",,
"2021-07-25 00:00:00",,
"2021-07-26 00:00:00",,
"2021-07-27 00:00:00",,
"2021-07-28 00:00:00",,
"2021-07-29 00:00:00",,
"2021-07-30 00:00:00",,
"2021-07-31 00:00:00",,
"2021-08-01 00:00:00",,
"2021-08-02 00:00:00",,
"2021-08-03 00:00:00",,
"2021-08-04 00:00:00",,
"2021-08-05 00:00:00",,
"2021-08-06 00:00:00",,
"2021-08-07 00:00:00",,
"2021-08-08 00:00:00",,
"2021-08-09 00:00:00",,
"2021-08-10 00:00:00",,
"2021-08-11 00:00:00",,
"2021-08-12 00:00:00",,
"2021-08-13 00:00:00",,
"2021-08-14 00:00:00",,
"2021-08-15 00:00:00",,
"2021-08-16 00:00:00",,
"2021-08-17 00:00:00",,
"2021-08-18 00:00:00",,
"2021-08-19 00:00:00",,
"2021-08-20 00:00:00",,
"2021-08-21 00:00:00",,
"2021-08-22 00:00:00",,
"2021-08-23 00:00:00",,
"2021-08-24 00:00:00",,
"2021-08-25 00:00:00",,
"2021-08-26 00:00:00",,
"2021-08-27 00:00:00",,
"2021-08-28 00:00:00",,
"2021-08-29 00:00:00",,
"2021-08-30 00:00:00",,
"2021-08-31 00:00:00",,
"2021-09-01 00:00:00",,
"2021-09-02 00:00:00",,
"2021-09-03 00:00:00",,
"2021-09-04 00:00:00",,
"2021-09-05 00:00:00",,
"2021-09-06 00:00:00",,
"2021-09-07 00:00:00",,
"2021-09-08 00:00:00",,
"2021-09-09 00:00:00",,
"2021-09-10 00:00:00",,
"2021-09-11 00:00:00",,
"2021-09-12 00:00:00",,
"2021-09-13 00:00:00",,
"2021-09-14 00:00:00",,
"2021-09-15 00:00:00",,
"2021-09-16 00:00:00",,
"2021-09-17 00:00:00",,
"2021-09-18 00:00:00",,
"2021-09-19 00:00:00",,
"2021-09-20 00:00:00",,
"2021-09-21 00:00:00",,
"2021-09-22 00:00:00",,
"2021-09-23 00:00:00",,
"2021-09-24 00:00:00",,
"2021-09-25 00:00:00",,
"2021-09-26 00:00:00",,
"2021-09-27 00:00:00",,
"2021-09-28 00:00:00",,
"2021-09-29 00:00:00",,
"2021-09-30 00:00:00",,
"2021-10-01 00:00:00",,
"2021-10-02 00:00:00",,
"2021-10-03 00:00:00",,
"2021-10-04 00:00:00",,
"2021-10-05 00:00:00",,
"2021-10-06 00:00:00",,
"2021-10-07 00:00:00",,
"2021-10-08 00:00:00",,
"2021-10-09 00:00:00",,
"2021-10-10 00:00:00",,
"2021-10-11 00:00:00",,
"2021-10-12 00:00:00",,
"2021-10-13 00:00:00",,
"2021-10-14 00:00:00",,
"2021-10-15 00:00:00",,
"2021-10-16 00:00:00",,
"2021-10-17 00:00:00",,
"2021-10-18 00:00:00",,
"2021-10-19 00:00:00",,
"2021-10-20 00:00:00",,
"2021-10-21 00:00:00",,
"2021-10-22 00:00:00",,
"2021-10-23 00:00:00",,
"2021-10-24 00:00:00",,
"2021-10-25 00:00:00",,
"2021-10-26 00:00:00",,
"2021-10-27 00:00:00",,
"2021-10-28 00:00:00",,
"2021-10-29 00:00:00",,
"2021-10-30 00:00:00",,
"2021-10-31 00:00:00",,
"2021-11-01 00:00:00",,
"2021-11-02 00:00:00",,
"2021-11-03 00:00:00",,
"2021-11-04 00:00:00",,
"2021-11-05 00:00:00",,
"2021-11-06 00:00:00",,
"2021-11-07 00:00:00",,
"2021-11-08 00:00:00",,
"2021-11-09 00:00:00",,
"2021-11-10 00:00:00",,
"2021-11-11 00:00:00",,
"2021-11-12 00:00:00",,
"2021-11-13 00:00:00",,
"2021-11-14 00:00:00",,
"2021-11-15 00:00:00",,
"2021-11-16 00:00:00",,
"2021-11-17 00:00:00",,
"2021-11-18 00:00:00",,
"2021-11-19 00:00:00",,
"2021-11-20 00:00:00",,
"2021-11-21 00:00:00",,
"2021-11-22 00:00:00",,
"2021-11-23 00:00:00",,
"2021-11-24 00:00:00",,
"2021-11-25 00:00:00",,
"2021-11-26 00:00:00",,
"2021-11-27 00:00:00",,
"2021-11-28 00:00:00",,
"2021-11-29 00:00:00",,
"2021-11-30 00:00:00",,
"2021-12-01 00:00:00",,
"2021-12-02 00:00:00",,
"2021-12-03 00:00:00",,
"2021-12-04 00:00:00",,
"2021-12-05 00:00:00",,
"2021-12-06 00:00:00",,
"2021-12-07 00:00:00",,
"2021-12-08 00:00:00",,
"2021-12-09 00:00:00",,
"2021-12-10 00:00:00",,
"2021-12-11 00:00:00",,
"2021-12-12 00:00:00",,
"2021-12-13 00:00:00",,
"2021-12-14 00:00:00",,
"2021-12-15 00:00:00",,
"2021-12-16 00:00:00",,
"2021-12-17 00:00:00",,
"2021-12-18 00:00:00",,
"2021-12-19 00:00:00",,
"2021-12-20 00:00:00",,
"2021-12-21 00:00:00",,
"2021-12-22 00:00:00",,
"2021-12-23 00:00:00",,
"2021-12-24 00:00:00",,
"2021-12-25 00:00:00",,
"2021-12-26 00:00:00",,
"2021-12-27 00:00:00",,
"2021-12-28 00:00:00",,
"2021-12-29 00:00:00",,
"2021-12-30 00:00:00",,
"2021-12-31 00:00:00",,
"2022-01-01 00:00:00",,
"2022-01-02 00:00:00",,
"2022-01-03 00:00:00",,
"2022-01-04 00:00:00",,
"2022-01-05 00:00:00",,
"2022-01-06 00:00:00",,
"2022-01-07 00:00:00",,
"2022-01-08 00:00:00",,
"2022-01-09 00:00:00",,
"2022-01-10 00:00:00",,
"2022-01-11 00:00:00",,
"2022-01-12 00:00:00",,
"2022-01-13 00:00:00",,
"2022-01-14 00:00:00",,
"2022-01-15 00:00:00",,
"2022-01-16 00:00:00",,
"2022-01-17 00:00:00",,
"2022-01-18 00:00:00",,
"2022-01-19 00:00:00",,
"2022-01-20 00:00:00",,
"2022-01-21 00:00:00",,
"2022-01-22 00:00:00",,
"2022-01-23 00:00:00",,
"2022-01-24 00:00:00",,
"2022-01-25 00:00:00",,
"2022-01-26 00:00:00",,
"2022-01-27 00:00:00",,
"2022-01-28 00:00:00",,
"2022-01-29 00:00:00",,
"2022-01-30 00:00:00",,
"2022-01-31 00:00:00",,
"2022-02-01 00:00:00",,
"2022-02-02 00:00:00",,
"2022-02-03 00:00:00",,
"2022-02-04 00:00:00",,
"2022-02-05 00:00:00",,
"2022-02-06 00:00:00",,
"2022-02-07 00:00:00",,
"2022-02-08 00:00:00",532476,
"2022-02-09 00:00:00",506946,
"2022-02-10 00:00:00",507123,
"2022-02-11 00:00:00",688736,
"2022-02-12 00:00:00",1325305,
"2022-02-13 00:00:00",1316854,
"2022-02-14 00:00:00",1098921,
"2022-02-15 00:00:00",1119642,
"2022-02-16 00:00:00",1135765,
"2022-02-17 00:00:00",1090827,
"2022-02-18 00:00:00",1102515,
"2022-02-19 00:00:00",1134663,
"2022-02-20 00:00:00",1174722,
"2022-02-21 00:00:00",1074677,
"2022-02-22 00:00:00",993849,
"2022-02-23 00:00:00",949460,
"2022-02-24 00:00:00",915628,
"2022-02-25 00:00:00",881133,
"2022-02-26 00:00:00",930509,
"2022-02-27 00:00:00",962906,
"2022-02-28 00:00:00",856177,
"2022-03-01 00:00:00",842508,
"2022-03-02 00:00:00",819652,
"2022-03-03 00:00:00",815473,
"2022-03-04 00:00:00",759648,
"2022-03-05 00:00:00",847376,
"2022-03-06 00:00:00",908335,
"2022-03-07 00:00:00",829633,
"2022-03-08 00:00:00",822383,
"2022-03-09 00:00:00",805722,
"2022-03-10 00:00:00",679494,
"2022-03-11 00:00:00",630067,
"2022-03-12 00:00:00",646991,
"2022-03-13 00:00:00",660051,
"2022-03-14 00:00:00",591163,
"2022-03-15 00:00:00",511063,
"2022-03-16 00:00:00",519268,
"2022-03-17 00:00:00",528089,
"2022-03-18 00:00:00",486390,
"2022-03-19 00:00:00",518719,
"2022-03-20 00:00:00",537588,
"2022-03-21 00:00:00",483641,
"2022-03-22 00:00:00",460199,
"2022-03-23 00:00:00",449751,
"2022-03-24 00:00:00",413761,
"2022-03-25 00:00:00",389102,
"2022-03-26 00:00:00",402922,
"2022-03-27 00:00:00",420758,
"2022-03-28 00:00:00",369916,
"2022-03-29 00:00:00",355086,
"2022-03-30 00:00:00",336539,
"2022-03-31 00:00:00",353933,
"2022-04-01 00:00:00",347729,
"2022-04-02 00:00:00",375010,
"2022-04-03 00:00:00",399715,
"2022-04-04 00:00:00",356506,
"2022-04-05 00:00:00",359193,
"2022-04-06 00:00:00",351755,
"2022-04-07 00:00:00",367612,
"2022-04-08 00:00:00",374802,
"2022-04-09 00:00:00",401124,
"2022-04-10 00:00:00",426706,
"2022-04-11 00:00:00",405794,
"2022-04-12 00:00:00",397493,
"2022-04-13 00:00:00",369797,
"2022-04-14 00:00:00",416018,
"2022-04-15 00:00:00",441972,
"2022-04-16 00:00:00",425987,
"2022-04-17 00:00:00",462394,
"2022-04-18 00:00:00",462085,
"2022-04-19 00:00:00",462026,
"2022-04-20 00:00:00",458832,
"2022-04-21 00:00:00",393305,
"2022-04-22 00:00:00",500139,
"2022-04-23 00:00:00",536047,
"2022-04-24 00:00:00",572602,
"2022-04-25 00:00:00",556187,
"2022-04-26 00:00:00",566673,
"2022-04-27 00:00:00",560956,
"2022-04-28 00:00:00",487900,
"2022-04-29 00:00:00",499313,
"2022-04-30 00:00:00",542609,
"2022-05-01 00:00:00",586540,
"2022-05-02 00:00:00",568246,
"2022-05-03 00:00:00",567373,
"2022-05-04 00:00:00",493101,
"2022-05-05 00:00:00",573879,
"2022-05-06 00:00:00",578536,
"2022-05-07 00:00:00",588550,
"2022-05-08 00:00:00",637078,
"2022-05-09 00:00:00",623896,
"2022-05-10 00:00:00",591542,
"2022-05-11 00:00:00",574594,
"2022-05-12 00:00:00",508050,
"2022-05-13 00:00:00",423930,
"2022-05-14 00:00:00",481919,
"2022-05-15 00:00:00",563381,
"2022-05-16 00:00:00",579329,
"2022-05-17 00:00:00",583597,
"2022-05-18 00:00:00",584612,
"2022-05-19 00:00:00",524134,
"2022-05-20 00:00:00",441528,
"2022-05-21 00:00:00",440460,
"2022-05-22 00:00:00",648260,
"2022-05-23 00:00:00",646417,
"2022-05-24 00:00:00",673024,
"2022-05-25 00:00:00",668525,
"2022-05-26 00:00:00",615744,
"2022-05-27 00:00:00",733251,
"2022-05-28 00:00:00",709234,
"2022-05-29 00:00:00",704632,
"2022-05-30 00:00:00",801364,
"2022-05-31 00:00:00",737605,
"2022-06-01 00:00:00",715223,
"2022-06-02 00:00:00",666383,
"2022-06-03 00:00:00",683981,
"2022-06-04 00:00:00",708926,
"2022-06-05 00:00:00",798621,
"2022-06-06 00:00:00",819349,
"2022-06-07 00:00:00",829155,
"2022-06-08 00:00:00",837419,
"2022-06-09 00:00:00",451615,
"2022-06-10 00:00:00",800400,
"2022-06-11 00:00:00",843598,
"2022-06-12 00:00:00",885968,
"2022-06-13 00:00:00",880727,
"2022-06-14 00:00:00",873694,
"2022-06-15 00:00:00",727629,
"2022-06-16 00:00:00",605751,
"2022-06-17 00:00:00",551016,
"2022-06-18 00:00:00",449382,
"2022-06-19 00:00:00",273010,
"2022-06-20 00:00:00",279843,
"2022-06-21 00:00:00",306156,
"2022-06-22 00:00:00",301666,
"2022-06-23 00:00:00",289060,
"2022-06-24 00:00:00",360567,
"2022-06-25 00:00:00",293284,
"2022-06-26 00:00:00",348754,
"2022-06-27 00:00:00",341678,
"2022-06-28 00:00:00",283820,
"2022-06-29 00:00:00",226472,
"2022-06-30 00:00:00",186986,
"2022-07-01 00:00:00",173512,
"2022-07-02 00:00:00",215308,
"2022-07-03 00:00:00",254128,
"2022-07-04 00:00:00",274205,
"2022-07-05 00:00:00",280685,
"2022-07-06 00:00:00",283863,
"2022-07-07 00:00:00",292516,
"2022-07-08 00:00:00",278280,
"2022-07-09 00:00:00",305384,
"2022-07-10 00:00:00",313083,
"2022-07-11 00:00:00",285210,
"2022-07-12 00:00:00",268757,
"2022-07-13 00:00:00",268748,
"2022-07-14 00:00:00",251334,
"2022-07-15 00:00:00",151989,
"2022-07-16 00:00:00",170008,
"2022-07-17 00:00:00",204940,
"2022-07-18 00:00:00",201638,
"2022-07-19 00:00:00",201865,
"2022-07-20 00:00:00",164256,
"2022-07-21 00:00:00",230377,
"2022-07-22 00:00:00",242342,
"2022-07-23 00:00:00",267406,
"2022-07-24 00:00:00",290788,
"2022-07-25 00:00:00",288234,
"2022-07-26 00:00:00",290423,
"2022-07-27 00:00:00",243626,
"2022-07-28 00:00:00",296884,
"2022-07-29 00:00:00",311828,
"2022-07-30 00:00:00",334027,
"2022-07-31 00:00:00",352852,
"2022-08-01 00:00:00",352344,
"2022-08-02 00:00:00",340560,
"2022-08-03 00:00:00",281060,
"2022-08-04 00:00:00",156805,
"2022-08-05 00:00:00",252770,
"2022-08-06 00:00:00",151541,
"2022-08-07 00:00:00",185135,
"2022-08-08 00:00:00",203445,
"2022-08-09 00:00:00",220056,
"2022-08-10 00:00:00",181785,
"2022-08-11 00:00:00",116685,
"2022-08-12 00:00:00",121437,
"2022-08-13 00:00:00",131118,
"2022-08-14 00:00:00",137042,
"2022-08-15 00:00:00",133695,
"2022-08-16 00:00:00",147840,
"2022-08-17 00:00:00",171335,
"2022-08-18 00:00:00",225391,
"2022-08-19 00:00:00",239071,
"2022-08-20 00:00:00",228162,
"2022-08-21 00:00:00",248196,
"2022-08-22 00:00:00",240933,
"2022-08-23 00:00:00",227548,
"2022-08-24 00:00:00",187040,
"2022-08-25 00:00:00",224258,
"2022-08-26 00:00:00",238427,
"2022-08-27 00:00:00",252565,
"2022-08-28 00:00:00",264904,
"2022-08-29 00:00:00",245050,
"2022-08-30 00:00:00",216840,
"2022-08-31 00:00:00",209736,
"2022-09-01 00:00:00",130010,
"2022-09-02 00:00:00",110209,
"2022-09-03 00:00:00",125197,
"2022-09-04 00:00:00",173803,
"2022-09-05 00:00:00",179091,
"2022-09-06 00:00:00",172439,
"2022-09-07 00:00:00",147981,
"2022-09-08 00:00:00",118215,
"2022-09-09 00:00:00",183977,
"2022-09-10 00:00:00",197303,
"2022-09-11 00:00:00",212778,
"2022-09-12 00:00:00",205722,
"2022-09-13 00:00:00",203029,
"2022-09-14 00:00:00",194204,
"2022-09-15 00:00:00",223872,
"2022-09-16 00:00:00",202612,
"2022-09-17 00:00:00",217579,
"2022-09-18 00:00:00",232767,
"2022-09-19 00:00:00",218970,
"2022-09-20 00:00:00",211398,
"2022-09-21 00:00:00",175455,
"2022-09-22 00:00:00",203625,
"2022-09-23 00:00:00",145424,118061
"2022-09-24 00:00:00",195236,158880
"2022-09-25 00:00:00",214237,187963
"2022-09-26 00:00:00",204425,180142
"2022-09-27 00:00:00",188514,167824
"2022-09-28 00:00:00",152300,71741
"2022-09-29 00:00:00",226988,157516
"2022-09-30 00:00:00",195928,170264
"2022-10-01 00:00:00",200582,166289
"2022-10-02 00:00:00",206716,179645
"2022-10-03 00:00:00",192136,157239
"2022-10-04 00:00:00",191390,168223
"2022-10-05 00:00:00",162495,107370
"2022-10-06 00:00:00",153099,117985
"2022-10-07 00:00:00",147027,110296
"2022-10-08 00:00:00",167405,141767
"2022-10-09 00:00:00",176212,149668
"2022-10-10 00:00:00",171515,149301
"2022-10-11 00:00:00",162212,143563
"2022-10-12 00:00:00",135049,82029
"2022-10-13 00:00:00",165358,121708
"2022-10-14 00:00:00",179823,154844
"2022-10-15 00:00:00",196018,170930
"2022-10-16 00:00:00",207013,178829
"2022-10-17 00:00:00",201648,176760
"2022-10-18 00:00:00",198287,171623
"2022-10-19 00:00:00",146699,103115
"2022-10-20 00:00:00",181440,142291
"2022-10-21 00:00:00",157168,136569
"2022-10-22 00:00:00",195348,162327
"2022-10-23 00:00:00",214493,184459
"2022-10-24 00:00:00",214585,189749
"2022-10-25 00:00:00",214549,191661
"2022-10-26 00:00:00",186615,105054
"2022-10-27 00:00:00",227894,175847
"2022-10-28 00:00:00",211908,161711
"2022-10-29 00:00:00",234844,210554
"2022-10-30 00:00:00",258778,226074
"2022-10-31 00:00:00",235069,208767
"2022-11-01 00:00:00",228687,198282
"2022-11-02 00:00:00",191313,106768
"2022-11-03 00:00:00",230379,155767
"2022-11-04 00:00:00",236068,195260
"2022-11-05 00:00:00",260886,227778
"2022-11-06 00:00:00",279228,237183
"2022-11-07 00:00:00",276176,250308
"2022-11-08 00:00:00",271388,243341
"2022-11-09 00:00:00",203868,111095
"2022-11-10 00:00:00",228097,177223
"2022-11-11 00:00:00",243494,214407
"2022-11-12 00:00:00",260104,231334
"2022-11-13 00:00:00",276579,246204
"2022-11-14 00:00:00",251788,170902
"2022-11-15 00:00:00",239998,202889
"2022-11-16 00:00:00",178629,93533
"2022-11-17 00:00:00",122044,79573
"2022-11-18 00:00:00",172597,120329
"2022-11-19 00:00:00",211064,178294
"2022-11-20 00:00:00",232299,199641
"2022-11-21 00:00:00",226833,207164
"2022-11-22 00:00:00",229035,204049
"2022-11-23 00:00:00",200148,124265
"2022-11-24 00:00:00",248269,192207
"2022-11-25 00:00:00",264710,228939
"2022-11-26 00:00:00",275134,245627
"2022-11-27 00:00:00",281950,259334
"2022-11-28 00:00:00",277421,252266
"2022-11-29 00:00:00",262338,221803
"2022-11-30 00:00:00",221489,130562
"2022-12-01 00:00:00",285894,200431
"2022-12-02 00:00:00",298719,256079
"2022-12-03 00:00:00",304125,265456
"2022-12-04 00:00:00",322787,289888
"2022-12-05 00:00:00",305982,273430
"2022-12-06 00:00:00",290010,251356
"2022-12-07 00:00:00",253015,171454
"2022-12-08 00:00:00",317013,274326
"2022-12-09 00:00:00",308345,269408
"2022-12-10 00:00:00",305759,287006
"2022-12-11 00:00:00",322463,299099
"2022-12-12 00:00:00",320131,296248
"2022-12-13 00:00:00",299029,279775
"2022-12-14 00:00:00",244244,136798
"2022-12-15 00:00:00",308365,217847
"2022-12-16 00:00:00",315151,261563
"2022-12-17 00:00:00",327346,283582
"2022-12-18 00:00:00",341308,313368
"2022-12-19 00:00:00",330461,300409
"2022-12-20 00:00:00",322547,293545
"2022-12-21 00:00:00",279277,158657
"2022-12-22 00:00:00",335629,266453
"2022-12-23 00:00:00",348047,318619
"2022-12-24 00:00:00",345451,327582
"2022-12-25 00:00:00",347556,325954
"2022-12-26 00:00:00",334034,303886
"2022-12-27 00:00:00",314814,288506
"2022-12-28 00:00:00",281282,207311
"2022-12-29 00:00:00",336994,299252
"2022-12-30 00:00:00",341949,311883
"2022-12-31 00:00:00",331457,311470
"2023-01-01 00:00:00",331516,302875
"2023-01-02 00:00:00",322974,294704
"2023-01-03 00:00:00",301687,284171
"2023-01-04 00:00:00",286256,210850
"2023-01-05 00:00:00",328749,294653
"2023-01-06 00:00:00",328489,297112
"2023-01-07 00:00:00",334099,306757
"2023-01-08 00:00:00",332977,311539
"2023-01-09 00:00:00",323766,298295
"2023-01-10 00:00:00",269398,106631
"2023-01-11 00:00:00",88972,63250
"2023-01-12 00:00:00",127183,95353
"2023-01-13 00:00:00",150696,123302
"2023-01-14 00:00:00",175173,148599
"2023-01-15 00:00:00",183517,164012
"2023-01-16 00:00:00",179028,160548
"2023-01-17 00:00:00",176563,160400
"2023-01-18 00:00:00",156273,75755
"2023-01-19 00:00:00",112308,71179
"2023-01-20 00:00:00",102997,69351
"2023-01-21 00:00:00",130185,107819
"2023-01-22 00:00:00",144410,120690
"2023-01-23 00:00:00",132510,116807
"2023-01-24 00:00:00",130413,113023
"2023-01-25 00:00:00",122272,82928
"2023-01-26 00:00:00",152529,129121
"2023-01-27 00:00:00",161185,139807
"2023-01-28 00:00:00",172031,151672
"2023-01-29 00:00:00",178868,158681
"2023-01-30 00:00:00",176731,157481
"2023-01-31 00:00:00",171371,150902
"2023-02-01 00:00:00",156887,106091
"2023-02-02 00:00:00",187023,158226
"2023-02-03 00:00:00",191552,174298
"2023-02-04 00:00:00",200862,180919
"2023-02-05 00:00:00",206492,185951
"2023-02-06 00:00:00",200511,182806
"2023-02-07 00:00:00",197160,178941
"2023-02-08 00:00:00",173207,94860
"2023-02-09 00:00:00",183282,131497
"2023-02-10 00:00:00",216428,185194
"2023-02-11 00:00:00",224808,202495
"2023-02-12 00:00:00",231994,209383
"2023-02-13 00:00:00",219098,202435
"2023-02-14 00:00:00",200826,180921
"2023-02-15 00:00:00",159130,104147
"2023-02-16 00:00:00",187044,155460
"2023-02-17 00:00:00",188740,166783
"2023-02-18 00:00:00",199536,180455
"2023-02-19 00:00:00",204768,183087
"2023-02-20 00:00:00",195413,180369
"2023-02-21 00:00:00",178936,166723
"2023-02-22 00:00:00",156455,105756
"2023-02-23 00:00:00",204011,176474
"2023-02-24 00:00:00",207915,192513
"2023-02-25 00:00:00",205521,187428
"2023-02-26 00:00:00",208178,189277
"2023-02-27 00:00:00",194010,176871
"2023-02-28 00:00:00",177071,162146
"2023-03-01 00:00:00",183567,127794
"2023-03-02 00:00:00",203538,179243
"2023-03-03 00:00:00",204617,183755
"2023-03-04 00:00:00",212233,191763
"2023-03-05 00:00:00",208858,193221
"2023-03-06 00:00:00",190910,177613
"2023-03-07 00:00:00",172135,160487
"2023-03-08 00:00:00",173706,124912
"2023-03-09 00:00:00",183493,167095
"2023-03-10 00:00:00",164439,150581
"2023-03-11 00:00:00",143495,134122
"2023-03-12 00:00:00",134072,118154
"2023-03-13 00:00:00",127417,114430
"2023-03-14 00:00:00",110921,93691
"2023-03-15 00:00:00",85847,51174
"2023-03-16 00:00:00",101697,70252
"2023-03-17 00:00:00",110326,91902
"2023-03-18 00:00:00",112735,96873
"2023-03-19 00:00:00",109020,92505
"2023-03-20 00:00:00",101833,86306
"2023-03-21 00:00:00",99872,85131
"2023-03-22 00:00:00",81377,55824
"2023-03-23 00:00:00",91792,71155
"2023-03-24 00:00:00",91013,76912
"2023-03-25 00:00:00",94860,81902
"2023-03-26 00:00:00",97926,82402
"2023-03-27 00:00:00",93165,78489
"2023-03-28 00:00:00",90982,77117
"2023-03-29 00:00:00",94420,60607
"2023-03-30 00:00:00",89241,78419
"2023-03-31 00:00:00",87688,74852
"2023-04-01 00:00:00",91496,77043
"2023-04-02 00:00:00",99663,83661
"2023-04-03 00:00:00",94652,80067
"2023-04-04 00:00:00",92570,78163
"2023-04-05 00:00:00",97347,66200
"2023-04-06 00:00:00",104411,89624
"2023-04-07 00:00:00",104273,91433
"2023-04-08 00:00:00",103836,91690
"2023-04-09 00:00:00",103839,91732
"2023-04-10 00:00:00",103872,89816
"2023-04-11 00:00:00",88115,78173
"2023-04-12 00:00:00",69116,48878
"2023-04-13 00:00:00",69726,50938
"2023-04-14 00:00:00",68321,56490
"2023-04-15 00:00:00",75080,62059
"2023-04-16 00:00:00",80183,65648
"2023-04-17 00:00:00",76957,62903
"2023-04-18 00:00:00",69096,60136
"2023-04-19 00:00:00",68078,46117
"2023-04-20 00:00:00",80671,63252
"2023-04-21 00:00:00",82931,68828
"2023-04-22 00:00:00",88160,75440
"2023-04-23 00:00:00",89919,77620
"2023-04-24 00:00:00",90440,74446
"2023-04-25 00:00:00",87691,72803
"2023-04-26 00:00:00",81187,55715
"2023-04-27 00:00:00",93200,75207
"2023-04-28 00:00:00",92193,78696
"2023-04-29 00:00:00",91507,79148
"2023-04-30 00:00:00",93034,79255
"2023-05-01 00:00:00",94562,79455
"2023-05-02 00:00:00",82494,73316
"2023-05-03 00:00:00",87311,58451
"2023-05-04 00:00:00",86696,70113
"2023-05-05 00:00:00",65413,51731
"2023-05-06 00:00:00",84080,65866
"2023-05-07 00:00:00",72893,63321
"2023-05-08 00:00:00",79997,59494
"2023-05-09 00:00:00",80410,66436
"2023-05-10 00:00:00",62316,40930
"2023-05-11 00:00:00",60165,47070
"2023-05-12 00:00:00",64338,51434
"2023-05-13 00:00:00",68409,56499
"2023-05-14 00:00:00",71498,57729
"2023-05-15 00:00:00",63162,51295
"2023-05-16 00:00:00",61218,48896
"2023-05-17 00:00:00",69221,46087
"2023-05-18 00:00:00",70079,56410
"2023-05-19 00:00:00",69000,57367
"2023-05-20 00:00:00",73392,59230
"2023-05-21 00:00:00",74358,60754
"2023-05-22 00:00:00",63609,51842
"2023-05-23 00:00:00",55427,46859
"2023-05-24 00:00:00",58973,37782
"2023-05-25 00:00:00",53944,42419
"2023-05-26 00:00:00",54576,44166
"2023-05-27 00:00:00",54681,46110
"2023-05-28 00:00:00",50136,42486
"2023-05-29 00:00:00",46654,37925
"2023-05-30 00:00:00",42213,34013
"2023-05-31 00:00:00",53176,33907
"2023-06-01 00:00:00",48576,39242
"2023-06-02 00:00:00",43098,35427
"2023-06-03 00:00:00",42111,35135
"2023-06-04 00:00:00",43117,35080
"2023-06-05 00:00:00",38626,30851
"2023-06-06 00:00:00",37125,30096
"2023-06-07 00:00:00",45268,30524
"2023-06-08 00:00:00",45286,36630
"2023-06-09 00:00:00",43836,35645
"2023-06-10 00:00:00",41189,35524
"2023-06-11 00:00:00",42469,35421
"2023-06-12 00:00:00",39367,31735
"2023-06-13 00:00:00",37858,30562
"2023-06-14 00:00:00",51209,31425
"2023-06-15 00:00:00",45315,35205
"2023-06-16 00:00:00",42617,33820
"2023-06-17 00:00:00",42301,34581
"2023-06-18 00:00:00",41533,33843
"2023-06-19 00:00:00",38247,29486
"2023-06-20 00:00:00",37161,25576
"2023-06-21 00:00:00",41961,27340
"2023-06-22 00:00:00",37946,29807
"2023-06-23 00:00:00",36249,29154
"2023-06-24 00:00:00",36809,30440
"2023-06-25 00:00:00",37635,29996
"2023-06-26 00:00:00",33113,25807
"2023-06-27 00:00:00",31237,24516
"2023-06-28 00:00:00",39275,25485
"2023-06-29 00:00:00",35565,27819
"2023-06-30 00:00:00",33577,26672
"2023-07-01 00:00:00",33482,27231
"2023-07-02 00:00:00",34199,27142
"2023-07-03 00:00:00",30977,23803
"2023-07-04 00:00:00",30210,23312
"2023-07-05 00:00:00",36937,24040
"2023-07-06 00:00:00",33591,26695
"2023-07-07 00:00:00",32068,25684
"2023-07-08 00:00:00",32093,26475
"2023-07-09 00:00:00",32925,26201
"2023-07-10 00:00:00",28947,22913
"2023-07-11 00:00:00",28247,22505
"2023-07-12 00:00:00",41897,24346
"2023-07-13 00:00:00",34730,25266
"2023-07-14 00:00:00",34109,26885
"2023-07-15 00:00:00",34146,27615
"2023-07-16 00:00:00",34946,27071
"2023-07-17 00:00:00",30453,23533
"2023-07-18 00:00:00",29068,22457
"2023-07-19 00:00:00",35927,22906
"2023-07-20 00:00:00",31165,24805
"2023-07-21 00:00:00",30129,23836
"2023-07-22 00:00:00",30280,24679
"2023-07-23 00:00:00",30983,24168
"2023-07-24 00:00:00",28057,21383
"2023-07-25 00:00:00",26211,20565
"2023-07-26 00:00:00",33411,22161
"2023-07-27 00:00:00",31127,23762
"2023-07-28 00:00:00",29432,23091
"2023-07-29 00:00:00",29731,23975
"2023-07-30 00:00:00",30808,23930
"2023-07-31 00:00:00",27320,21221
"2023-08-01 00:00:00",26887,20558
"2023-08-02 00:00:00",32982,21077
"2023-08-03 00:00:00",30510,23408
"2023-08-04 00:00:00",28624,22924
"2023-08-05 00:00:00",29373,23489
"2023-08-06 00:00:00",30398,23566
"2023-08-07 00:00:00",26694,20962
"2023-08-08 00:00:00",26086,19941
"2023-08-09 00:00:00",34680,20966
"2023-08-10 00:00:00",32587,25164
"2023-08-11 00:00:00",30831,24473
"2023-08-12 00:00:00",30412,24688
"2023-08-13 00:00:00",30716,24161
"2023-08-14 00:00:00",27470,21794
"2023-08-15 00:00:00",25907,20496
"2023-08-16 00:00:00",47729,12947
"2023-08-17 00:00:00",46169,37202
"2023-08-18 00:00:00",41835,33208
"2023-08-19 00:00:00",41569,33609
"2023-08-20 00:00:00",42180,33310
"2023-08-21 00:00:00",37897,29351
"2023-08-22 00:00:00",37191,28338
"2023-08-23 00:00:00",42703,28756
"2023-08-24 00:00:00",40025,31227
"2023-08-25 00:00:00",40216,31629
"2023-08-26 00:00:00",41283,33187
"2023-08-27 00:00:00",42871,33314
"2023-08-28 00:00:00",36900,29153
"2023-08-29 00:00:00",35880,28075
"2023-08-30 00:00:00",27881,17240
"2023-08-31 00:00:00",40645,31449
"2023-09-01 00:00:00",37734,29771
"2023-09-02 00:00:00",38101,30423
"2023-09-03 00:00:00",38743,30090
"2023-09-04 00:00:00",36229,27370
"2023-09-05 00:00:00",32973,25331
"2023-09-06 00:00:00",40510,24896
"2023-09-07 00:00:00",39115,29776
"2023-09-08 00:00:00",37568,29924
"2023-09-09 00:00:00",38891,31334
"2023-09-10 00:00:00",40124,31381
"2023-09-11 00:00:00",35271,27481
"2023-09-12 00:00:00",35534,27261
"2023-09-13 00:00:00",55818,28059
"2023-09-14 00:00:00",53770,37796
"2023-09-15 00:00:00",50440,40522
"2023-09-16 00:00:00",52038,42220
"2023-09-17 00:00:00",52263,41724
"2023-09-18 00:00:00",45861,35831
"2023-09-19 00:00:00",45153,34271
"2023-09-20 00:00:00",54695,33654
"2023-09-21 00:00:00",49670,39644
"2023-09-22 00:00:00",50602,39245
"2023-09-23 00:00:00",51237,41282
"2023-09-24 00:00:00",51844,40353
"2023-09-25 00:00:00",45824,35234
"2023-09-26 00:00:00",42563,33492
"2023-09-27 00:00:00",53643,32503
"2023-09-28 00:00:00",48328,38708
"2023-09-29 00:00:00",46746,38697
"2023-09-30 00:00:00",49569,39707
"2023-10-01 00:00:00",47194,37701
"2023-10-02 00:00:00",42540,33475
"2023-10-03 00:00:00",40861,32344
"2023-10-04 00:00:00",53225,32229
"2023-10-05 00:00:00",51521,41177
"2023-10-06 00:00:00",48661,39882
"2023-10-07 00:00:00",51135,41105
"2023-10-08 00:00:00",49803,41112
"2023-10-09 00:00:00",49889,37271
"2023-10-10 00:00:00",46346,35939
"2023-10-11 00:00:00",50800,28527
"2023-10-12 00:00:00",55958,44304
"2023-10-13 00:00:00",49585,40952
"2023-10-14 00:00:00",51541,41692
"2023-10-15 00:00:00",48581,40116
"2023-10-16 00:00:00",45089,35992
"2023-10-17 00:00:00",41800,32147
"2023-10-18 00:00:00",52358,29831
"2023-10-19 00:00:00",51420,40701
"2023-10-20 00:00:00",44661,37317
"2023-10-21 00:00:00",46137,37402
"2023-10-22 00:00:00",44868,37080
"2023-10-23 00:00:00",39322,30980
"2023-10-24 00:00:00",37247,29156
"2023-10-25 00:00:00",50192,30175
"2023-10-26 00:00:00",46257,38884
"2023-10-27 00:00:00",42033,31199
"2023-10-28 00:00:00",48264,37953
"2023-10-29 00:00:00",46070,38007
"2023-10-30 00:00:00",43312,34186
"2023-10-31 00:00:00",39700,33002
"2023-11-01 00:00:00",68239,39681
"2023-11-02 00:00:00",60760,50142
"2023-11-03 00:00:00",53763,44527
"2023-11-04 00:00:00",56652,49734
"2023-11-05 00:00:00",56812,45704
"2023-11-06 00:00:00",46303,40204
"2023-11-07 00:00:00",47246,39275
"2023-11-08 00:00:00",73126,42354
"2023-11-09 00:00:00",65815,58496
"2023-11-10 00:00:00",66729,56767
"2023-11-11 00:00:00",65742,57067
"2023-11-12 00:00:00",68875,57878
"2023-11-13 00:00:00",65693,56467
"2023-11-14 00:00:00",58021,51586
"2023-11-15 00:00:00",56536,25249
"2023-11-16 00:00:00",78609,55115
"2023-11-17 00:00:00",80342,71059
"2023-11-18 00:00:00",80477,68634
"2023-11-19 00:00:00",78480,64306
"2023-11-20 00:00:00",74453,60487
"2023-11-21 00:00:00",67502,55626
"2023-11-22 00:00:00",88520,53090
"2023-11-23 00:00:00",92474,83027
"2023-11-24 00:00:00",78229,64389
"2023-11-25 00:00:00",82346,72359
"2023-11-26 00:00:00",85144,71317
"2023-11-27 00:00:00",83220,69556
"2023-11-28 00:00:00",75272,65574
"2023-11-29 00:00:00",95065,55603
"2023-11-30 00:00:00",87958,79629
"2023-12-01 00:00:00",78145,68358
"2023-12-02 00:00:00",68220,58738
"2023-12-03 00:00:00",59110,49795
"2023-12-04 00:00:00",54385,44230
"2023-12-05 00:00:00",54514,44619
"2023-12-06 00:00:00",67693,43632
"2023-12-07 00:00:00",71920,55664
"2023-12-08 00:00:00",70230,58045
"2023-12-09 00:00:00",63121,54253
"2023-12-10 00:00:00",53745,45186
"2023-12-11 00:00:00",45693,38133
"2023-12-12 00:00:00",50798,38881
"2023-12-13 00:00:00",48176,30805
"2023-12-14 00:00:00",56039,42588
"2023-12-15 00:00:00",55506,42156
"2023-12-16 00:00:00",58173,48910
"2023-12-17 00:00:00",61233,49875
"2023-12-18 00:00:00",59092,46342
"2023-12-19 00:00:00",61540,48792
"2023-12-20 00:00:00",62406,40849
"2023-12-21 00:00:00",62245,50694
"2023-12-22 00:00:00",53837,44112
"2023-12-23 00:00:00",45433,40064
"2023-12-24 00:00:00",39122,32986
"2023-12-25 00:00:00",39309,31114
"2023-12-26 00:00:00",40429,33302
"2023-12-27 00:00:00",44787,29494
"2023-12-28 00:00:00",42894,35009
"2023-12-29 00:00:00",40254,33928
"2023-12-30 00:00:00",38932,32032
"2023-12-31 00:00:00",33728,28618
"2024-01-01 00:00:00",35477,28774
"2024-01-02 00:00:00",36621,29101
"2024-01-03 00:00:00",44373,27543
"2024-01-04 00:00:00",41024,32169
"2024-01-05 00:00:00",41141,32074
"2024-01-06 00:00:00",41032,33206
"2024-01-07 00:00:00",46034,33550
"2024-01-08 00:00:00",41026,32208
"2024-01-09 00:00:00",42218,32445
"2024-01-10 00:00:00",41468,24732
"2024-01-11 00:00:00",39925,29668
"2024-01-12 00:00:00",43633,32495
"2024-01-13 00:00:00",44150,35847
"2024-01-14 00:00:00",45585,35606
"2024-01-15 00:00:00",42632,31929
"2024-01-16 00:00:00",40590,31780
"2024-01-17 00:00:00",46398,28155
"2024-01-18 00:00:00",49657,37653
"2024-01-19 00:00:00",47966,39469
"2024-01-20 00:00:00",47759,39611
"2024-01-21 00:00:00",45787,37901
"2024-01-22 00:00:00",44735,36035
"2024-01-23 00:00:00",47704,37503
"2024-01-24 00:00:00",39978,25575
"2024-01-25 00:00:00",52317,38646
"2024-01-26 00:00:00",50614,41525
"2024-01-27 00:00:00",56287,44404
"2024-01-28 00:00:00",55688,45991
"2024-01-29 00:00:00",55864,44800
"2024-01-30 00:00:00",57035,46376
"2024-01-31 00:00:00",62863,39368
"2024-02-01 00:00:00",60498,49938
"2024-02-02 00:00:00",65316,54700
"2024-02-03 00:00:00",69290,59169
"2024-02-04 00:00:00",75097,62750
"2024-02-05 00:00:00",71946,63597
"2024-02-06 00:00:00",74463,63525
"2024-02-07 00:00:00",66600,41076
"2024-02-08 00:00:00",59846,46599
"2024-02-09 00:00:00",54885,44677
"2024-02-10 00:00:00",58302,46239
"2024-02-11 00:00:00",65972,50527
"2024-02-12 00:00:00",51208,46259
"2024-02-13 00:00:00",56173,44785
"2024-02-14 00:00:00",57683,37760
"2024-02-15 00:00:00",62456,48657
"2024-02-16 00:00:00",61895,50629
"2024-02-17 00:00:00",60684,51539
"2024-02-18 00:00:00",59557,48850
"2024-02-19 00:00:00",56349,46408
"2024-02-20 00:00:00",54607,42533
"2024-02-21 00:00:00",61188,35316
"2024-02-22 00:00:00",62306,47764
"2024-02-23 00:00:00",62225,47983
"2024-02-24 00:00:00",64099,52948
"2024-02-25 00:00:00",61246,51081
"2024-02-26 00:00:00",53903,45522
"2024-02-27 00:00:00",51432,42819
"2024-02-28 00:00:00",58642,36390
"2024-02-29 00:00:00",56762,47560
"2024-03-01 00:00:00",53463,42715
"2024-03-02 00:00:00",53586,44663
"2024-03-03 00:00:00",56359,44940
"2024-03-04 00:00:00",50143,40985
"2024-03-05 00:00:00",50620,40969
"2024-03-06 00:00:00",44900,17933
"2024-03-07 00:00:00",47267,34699
"2024-03-08 00:00:00",52516,42168
"2024-03-09 00:00:00",54561,46066
"2024-03-10 00:00:00",52558,41059
"2024-03-11 00:00:00",48268,40646
"2024-03-12 00:00:00",39822,31067
"2024-03-13 00:00:00",29695,9484
"2024-03-14 00:00:00",34900,23481
"2024-03-15 00:00:00",41361,31023
"2024-03-16 00:00:00",41241,33848
"2024-03-17 00:00:00",41351,32152
"2024-03-18 00:00:00",38537,29161
"2024-03-19 00:00:00",33765,25867
"2024-03-20 00:00:00",52099,25019
"2024-03-21 00:00:00",47908,36451
"2024-03-22 00:00:00",53836,40010
"2024-03-23 00:00:00",56782,44402
"2024-03-24 00:00:00",58834,45969
"2024-03-25 00:00:00",55835,44265
"2024-03-26 00:00:00",54886,42947
"2024-03-27 00:00:00",47880,29522
"2024-03-28 00:00:00",52655,36586
"2024-03-29 00:00:00",50498,39549
"2024-03-30 00:00:00",53046,42172
"2024-03-31 00:00:00",55073,42311
"2024-04-01 00:00:00",58040,45412
"2024-04-02 00:00:00",60449,47995
"2024-04-03 00:00:00",64049,41828
"2024-04-04 00:00:00",57538,46178
"2024-04-05 00:00:00",60341,49119
"2024-04-06 00:00:00",60031,49933
"2024-04-07 00:00:00",65204,50730
"2024-04-08 00:00:00",59134,47854
"2024-04-09 00:00:00",62364,49683
"2024-04-10 00:00:00",63225,39939
"2024-04-11 00:00:00",61440,50897
"2024-04-12 00:00:00",59704,48349
"2024-04-13 00:00:00",62120,51057
"2024-04-14 00:00:00",67995,54072
"2024-04-15 00:00:00",66655,56591
"2024-04-16 00:00:00",67705,54392
"2024-04-17 00:00:00",57570,38245
"2024-04-18 00:00:00",67417,53274
"2024-04-19 00:00:00",75178,59911
"2024-04-20 00:00:00",78405,60704
"2024-04-21 00:00:00",77912,63729
"2024-04-22 00:00:00",69112,58927
"2024-04-23 00:00:00",75093,62010
"2024-04-24 00:00:00",65272,45176
"2024-04-25 00:00:00",71462,55914
"2024-04-26 00:00:00",79782,59184
"2024-04-27 00:00:00",74896,61672
"2024-04-28 00:00:00",81753,63509
"2024-04-29 00:00:00",66520,59995
"2024-04-30 00:00:00",68434,55897
"2024-05-01 00:00:00",77983,53683
"2024-05-02 00:00:00",81137,63114
"2024-05-03 00:00:00",72725,60747
"2024-05-04 00:00:00",73728,61065
"2024-05-05 00:00:00",77173,65446
"2024-05-06 00:00:00",75810,61599
"2024-05-07 00:00:00",76158,64713
"2024-05-08 00:00:00",83462,54769
"2024-05-09 00:00:00",76987,68653
"2024-05-10 00:00:00",82746,69728
"2024-05-11 00:00:00",83829,73802
"2024-05-12 00:00:00",84722,70386
"2024-05-13 00:00:00",84933,69381
"2024-05-14 00:00:00",84812,73823
"2024-05-15 00:00:00",96217,62365
"2024-05-16 00:00:00",85929,72789
"2024-05-17 00:00:00",80756,69260
"2024-05-18 00:00:00",81981,70931
"2024-05-19 00:00:00",96684,78820
"2024-05-20 00:00:00",93119,77698
"2024-05-21 00:00:00",89526,74963
"2024-05-22 00:00:00",73860,36749
"2024-05-23 00:00:00",62426,42937
"2024-05-24 00:00:00",51125,39764
"2024-05-25 00:00:00",43464,38066
"2024-05-26 00:00:00",41732,34144
"2024-05-27 00:00:00",39630,29107
"2024-05-28 00:00:00",33935,27406
"2024-05-29 00:00:00",29681,20797
"2024-05-30 00:00:00",25706,20484
"2024-05-31 00:00:00",25192,19240
"2024-06-01 00:00:00",24898,20732
"2024-06-02 00:00:00",25783,20665
"2024-06-03 00:00:00",22313,17771
"2024-06-04 00:00:00",21021,16693
"2024-06-05 00:00:00",19834,12575
"2024-06-06 00:00:00",26689,19064
"2024-06-07 00:00:00",22859,19256
"2024-06-08 00:00:00",23964,19494
"2024-06-09 00:00:00",26088,19337
"2024-06-10 00:00:00",24106,17865
"2024-06-11 00:00:00",21770,17486
"2024-06-12 00:00:00",27627,17636
"2024-06-13 00:00:00",26049,19575
"2024-06-14 00:00:00",24487,19428
"2024-06-15 00:00:00",22471,18677
"2024-06-16 00:00:00",22152,17652
"2024-06-17 00:00:00",21198,16106
"2024-06-18 00:00:00",22215,16431
"2024-06-19 00:00:00",32840,18930
"2024-06-20 00:00:00",28015,21860
"2024-06-21 00:00:00",28114,22062
"2024-06-22 00:00:00",29797,23928
"2024-06-23 00:00:00",29268,23569
"2024-06-24 00:00:00",26724,21395
"2024-06-25 00:00:00",24714,18941
"2024-06-26 00:00:00",25561,16928
"2024-06-27 00:00:00",27262,21108
"2024-06-28 00:00:00",25816,20711
"2024-06-29 00:00:00",25852,20937
"2024-06-30 00:00:00",25649,20878
"2024-07-01 00:00:00",23658,18581
"2024-07-02 00:00:00",20016,16429
"2024-07-03 00:00:00",26632,15666
"2024-07-04 00:00:00",25486,20013
"2024-07-05 00:00:00",23006,18615
"2024-07-06 00:00:00",23907,19826
"2024-07-07 00:00:00",23384,17806
"2024-07-08 00:00:00",22240,17638
"2024-07-09 00:00:00",20528,16864
"2024-07-10 00:00:00",22575,14786
"2024-07-11 00:00:00",25129,19562
"2024-07-12 00:00:00",23805,19201
"2024-07-13 00:00:00",24218,20102
"2024-07-14 00:00:00",23316,18073
"2024-07-15 00:00:00",22159,17738
"2024-07-16 00:00:00",22360,17629
"2024-07-17 00:00:00",32987,17707
"2024-07-18 00:00:00",27706,22666
"2024-07-19 00:00:00",29792,24078
"2024-07-20 00:00:00",29714,23953
"2024-07-21 00:00:00",29760,23302
"2024-07-22 00:00:00",27091,21165
"2024-07-23 00:00:00",25873,19225
"2024-07-24 00:00:00",29570,19327
"2024-07-25 00:00:00",28350,22470
"2024-07-26 00:00:00",28757,20926
"2024-07-27 00:00:00",28141,22508
"2024-07-28 00:00:00",28008,21931
"2024-07-29 00:00:00",25470,19775
"2024-07-30 00:00:00",24892,19266
"2024-07-31 00:00:00",30436,19359
"2024-08-01 00:00:00",28356,22392
"2024-08-02 00:00:00",26884,21514
"2024-08-03 00:00:00",26851,21418
"2024-08-04 00:00:00",28114,21667
"2024-08-05 00:00:00",25670,20005
"2024-08-06 00:00:00",24169,18508
"2024-08-07 00:00:00",29772,19505
"2024-08-08 00:00:00",29272,21980
"2024-08-09 00:00:00",28010,22884
"2024-08-10 00:00:00",27641,22479
"2024-08-11 00:00:00",26422,22009
"2024-08-12 00:00:00",25568,19925
"2024-08-13 00:00:00",24514,19894
"2024-08-14 00:00:00",26169,16587
"2024-08-15 00:00:00",26101,20274
"2024-08-16 00:00:00",27968,22223
"2024-08-17 00:00:00",28017,23056
"2024-08-18 00:00:00",28281,22837
"2024-08-19 00:00:00",25005,20514
"2024-08-20 00:00:00",21060,17204
"2024-08-21 00:00:00",25115,16159
"2024-08-22 00:00:00",27144,20081
"2024-08-23 00:00:00",22751,17922
"2024-08-24 00:00:00",25154,19800
"2024-08-25 00:00:00",26049,20601
"2024-08-26 00:00:00",21738,17417
"2024-08-27 00:00:00",19173,15420
"2024-08-28 00:00:00",23725,15350
"2024-08-29 00:00:00",25256,19007
"2024-08-30 00:00:00",23632,19290
"2024-08-31 00:00:00",22389,18462
"2024-09-01 00:00:00",22386,17886
"2024-09-02 00:00:00",20378,15701
"2024-09-03 00:00:00",19781,15107
"2024-09-04 00:00:00",24018,15561
"2024-09-05 00:00:00",23085,17833
"2024-09-06 00:00:00",23092,18345
"2024-09-07 00:00:00",21725,17772
"2024-09-08 00:00:00",21273,16656
"2024-09-09 00:00:00",19258,14723
"2024-09-10 00:00:00",18749,14368
"2024-09-11 00:00:00",30582,14335
"2024-09-12 00:00:00",27184,21263
"2024-09-13 00:00:00",26591,19411
"2024-09-14 00:00:00",26267,21508
"2024-09-15 00:00:00",26574,20740
"2024-09-16 00:00:00",22882,18001
"2024-09-17 00:00:00",22522,17218
"2024-09-18 00:00:00",26494,16982
"2024-09-19 00:00:00",24365,18832
"2024-09-20 00:00:00",23155,18274
"2024-09-21 00:00:00",23083,18647
"2024-09-22 00:00:00",23579,18159
"2024-09-23 00:00:00",21101,16057
"2024-09-24 00:00:00",20295,15457
"2024-09-25 00:00:00",25935,15507
"2024-09-26 00:00:00",22959,18036
"2024-09-27 00:00:00",21831,17203
"2024-09-28 00:00:00",21478,17469
"2024-09-29 00:00:00",21505,16669
"2024-09-30 00:00:00",19318,14397
"2024-10-01 00:00:00",16447,12616
"2024-10-02 00:00:00",22300,9062
"2024-10-03 00:00:00",20306,16195
"2024-10-04 00:00:00",19321,15067
"2024-10-05 00:00:00",19368,15457
"2024-10-06 00:00:00",19250,14765
"2024-10-07 00:00:00",17399,12867
"2024-10-08 00:00:00",17236,12671
"2024-10-09 00:00:00",30862,8649
"2024-10-10 00:00:00",29495,22037
"2024-10-11 00:00:00",30995,26075
"2024-10-12 00:00:00",30118,24801
"2024-10-13 00:00:00",29893,23883
"2024-10-14 00:00:00",26997,20682
"2024-10-15 00:00:00",25447,19520
"2024-10-16 00:00:00",28193,18819
"2024-10-17 00:00:00",25666,20068
"2024-10-18 00:00:00",25377,19806
"2024-10-19 00:00:00",27029,21119
"2024-10-20 00:00:00",27348,21522
"2024-10-21 00:00:00",19994,15552
"2024-10-22 00:00:00",20137,15123
"2024-10-23 00:00:00",29615,13282
"2024-10-24 00:00:00",27206,20572
"2024-10-25 00:00:00",26884,21027
"2024-10-26 00:00:00",25665,20893
"2024-10-27 00:00:00",25985,20514
"2024-10-28 00:00:00",22972,18108
"2024-10-29 00:00:00",21829,17410
"2024-10-30 00:00:00",30369,14948
"2024-10-31 00:00:00",25968,21000
"2024-11-01 00:00:00",25703,17337
"2024-11-02 00:00:00",24837,20146
"2024-11-03 00:00:00",27188,19943
"2024-11-04 00:00:00",23490,18482
"2024-11-05 00:00:00",21865,17691
"2024-11-06 00:00:00",24868,16052
"2024-11-07 00:00:00",25344,19326
"2024-11-08 00:00:00",23535,18445
"2024-11-09 00:00:00",23232,18996
"2024-11-10 00:00:00",22360,18480
"2024-11-11 00:00:00",20345,16487
"2024-11-12 00:00:00",19518,15251
"2024-11-13 00:00:00",25239,14265
"2024-11-14 00:00:00",22432,17459
"2024-11-15 00:00:00",22685,17464
"2024-11-16 00:00:00",21652,18436
"2024-11-17 00:00:00",21575,17624
"2024-11-18 00:00:00",20401,15892
"2024-11-19 00:00:00",19532,15144
"2024-11-20 00:00:00",25118,15081
"2024-11-21 00:00:00",22510,17532
"2024-11-22 00:00:00",20601,16708
"2024-11-23 00:00:00",20335,16750
"2024-11-24 00:00:00",19201,15756
"2024-11-25 00:00:00",16372,12986
"2024-11-26 00:00:00",16194,12322
"2024-11-27 00:00:00",26635,14400
"2024-11-28 00:00:00",23254,18156
"2024-11-29 00:00:00",22203,17324
"2024-11-30 00:00:00",21469,17683
"2024-12-01 00:00:00",22949,17950
"2024-12-02 00:00:00",19991,16215
"2024-12-03 00:00:00",23212,16943
"2024-12-04 00:00:00",27926,16126
"2024-12-05 00:00:00",25756,19100
"2024-12-06 00:00:00",24726,19856
"2024-12-07 00:00:00",24865,20190
"2024-12-08 00:00:00",25154,20225
"2024-12-09 00:00:00",23611,18796
"2024-12-10 00:00:00",21828,18101
"2024-12-11 00:00:00",28706,18507
"2024-12-12 00:00:00",28393,21935
"2024-12-13 00:00:00",29994,22675
"2024-12-14 00:00:00",30772,26113
"2024-12-15 00:00:00",30539,25874
"2024-12-16 00:00:00",29818,25110
"2024-12-17 00:00:00",26935,23569
"2024-12-18 00:00:00",24741,16183
"2024-12-19 00:00:00",32840,24689
"2024-12-20 00:00:00",29048,19932
"2024-12-21 00:00:00",19809,25477
"2024-12-21 01:00:00",23161,25723
"2024-12-21 02:00:00",23462,25831
"2024-12-21 03:00:00",22937,25898
"2024-12-21 04:00:00",23058,25919
"2024-12-21 05:00:00",21549,25927
"2024-12-21 06:00:00",23014,25915
"2024-12-21 07:00:00",24481,25809
"2024-12-21 08:00:00",22427,25666
"2024-12-21 09:00:00",22689,25595
"2024-12-21 10:00:00",24591,25485
"2024-12-21 11:00:00",27479,25367
"2024-12-21 12:00:00",27843,25221
"2024-12-21 13:00:00",28102,25181
"2024-12-21 14:00:00",29033,25115
"2024-12-21 15:00:00",29676,24944
"2024-12-21 16:00:00",29748,24923
"2024-12-21 17:00:00",28533,24936
"2024-12-21 18:00:00",27573,24977
"2024-12-21 19:00:00",27688,25087
"2024-12-21 20:00:00",27727,25198
"2024-12-21 21:00:00",26370,25287
"2024-12-21 22:00:00",25279,25374
"2024-12-21 23:00:00",25218,25459
"2024-12-22 00:00:00",25866,25490
"2024-12-22 01:00:00",25848,25435
"2024-12-22 02:00:00",25184,25343
"2024-12-22 03:00:00",23529,25343
"2024-12-22 04:00:00",23397,25443
"2024-12-22 05:00:00",21363,25522
"2024-12-22 06:00:00",20506,25654
"2024-12-22 07:00:00",21118,25775
"2024-12-22 08:00:00",20802,25827
"2024-12-22 09:00:00",20062,25822
"2024-12-22 10:00:00",21655,25810
"2024-12-22 11:00:00",23840,25750
"2024-12-22 12:00:00",26785,25661
"2024-12-22 13:00:00",26361,25572
"2024-12-22 14:00:00",24707,25496
"2024-12-22 15:00:00",29014,25472
"2024-12-22 16:00:00",29943,25372
"2024-12-22 17:00:00",29463,25294
"2024-12-22 18:00:00",30203,25224
"2024-12-22 19:00:00",30328,25027
"2024-12-22 20:00:00",29904,24925
"2024-12-22 21:00:00",28516,24833
"2024-12-22 22:00:00",27382,24772
"2024-12-22 23:00:00",25783,24717
"2024-12-23 00:00:00",24403,24682
"2024-12-23 01:00:00",23465,24689
"2024-12-23 02:00:00",25147,24756
"2024-12-23 03:00:00",25990,24763
"2024-12-23 04:00:00",25375,24712
"2024-12-23 05:00:00",24760,24580
"2024-12-23 06:00:00",23665,24505
"2024-12-23 07:00:00",22503,24417
"2024-12-23 08:00:00",20809,24226
"2024-12-23 09:00:00",19924,24105
"2024-12-23 10:00:00",20343,24158
"2024-12-23 11:00:00",21657,24267
"2024-12-23 12:00:00",24642,24382
"2024-12-23 13:00:00",24698,24354
"2024-12-23 14:00:00",24157,24361
"2024-12-23 15:00:00",26479,24451
"2024-12-23 16:00:00",27919,24450
"2024-12-23 17:00:00",27536,24418
"2024-12-23 18:00:00",25005,24389
"2024-12-23 19:00:00",27578,24453
"2024-12-23 20:00:00",27413,24399
"2024-12-23 21:00:00",26782,24329
"2024-12-23 22:00:00",25907,24258
"2024-12-23 23:00:00",24958,24197
"2024-12-24 00:00:00",24728,24150
"2024-12-24 01:00:00",25171,24114
"2024-12-24 02:00:00",25111,23975
"2024-12-24 03:00:00",24508,23865
"2024-12-24 04:00:00",21647,23767
"2024-12-24 05:00:00",22531,23771
"2024-12-24 06:00:00",21222,23714
"2024-12-24 07:00:00",17457,23656
"2024-12-24 08:00:00",17629,23662
"2024-12-24 09:00:00",21355,23466
"2024-12-24 10:00:00",23297,22760
"2024-12-24 11:00:00",24813,22342
"2024-12-24 12:00:00",24025,22064
"2024-12-24 13:00:00",24876,21955
"2024-12-24 14:00:00",26716,21855
"2024-12-24 15:00:00",26623,21735
"2024-12-24 16:00:00",27211,21671
"2024-12-24 17:00:00",27274,21612
"2024-12-24 18:00:00",26933,21673
"2024-12-24 19:00:00",26408,21770
"2024-12-24 20:00:00",25719,21889
"2024-12-24 21:00:00",25025,22077
"2024-12-24 22:00:00",24372,22302
"2024-12-24 23:00:00",23651,22478
"2024-12-25 00:00:00",23560,22645
"2024-12-25 01:00:00",21439,22719
"2024-12-25 02:00:00",22286,22775
"2024-12-25 03:00:00",22302,22763
"2024-12-25 04:00:00",21974,22893
"2024-12-25 05:00:00",21261,22983
"2024-12-25 06:00:00",20268,23078
"2024-12-25 07:00:00",17980,23158
"2024-12-25 08:00:00",12145,23235
"2024-12-25 09:00:00",1857,23374
"2024-12-25 10:00:00",11522,23898
"2024-12-25 11:00:00",17249,24213
"2024-12-25 12:00:00",20939,24402
"2024-12-25 13:00:00",21715,24470
"2024-12-25 14:00:00",23328,24547
"2024-12-25 15:00:00",24849,24540
"2024-12-25 16:00:00",25542,24712
"2024-12-25 17:00:00",28530,24953
"2024-12-25 18:00:00",29664,25093
"2024-12-25 19:00:00",29803,25185
"2024-12-25 20:00:00",31063,25285
"2024-12-25 21:00:00",31343,25315
"2024-12-25 22:00:00",29362,25285
"2024-12-25 23:00:00",28376,25274
"2024-12-26 00:00:00",26124,25337
"2024-12-26 01:00:00",23368,25411
"2024-12-26 02:00:00",22260,25568
"2024-12-26 03:00:00",25832,25824
"2024-12-26 04:00:00",24646,25920
"2024-12-26 05:00:00",24056,26039
"2024-12-26 06:00:00",22381,26143
"2024-12-26 07:00:00",21026,26287
"2024-12-26 08:00:00",19358,26451
"2024-12-26 09:00:00",18610,26734
"2024-12-26 10:00:00",21779,26986
"2024-12-26 11:00:00",23246,27105
"2024-12-26 12:00:00",23537,27231
"2024-12-26 13:00:00",24624,27387
"2024-12-26 14:00:00",23616,27565
"2024-12-26 15:00:00",30161,27830
"2024-12-26 16:00:00",32329,27896
"2024-12-26 17:00:00",32185,27782
"2024-12-26 18:00:00",31830,27663
"2024-12-26 19:00:00",31790,27588
"2024-12-26 20:00:00",30886,27551
"2024-12-26 21:00:00",29661,27547
"2024-12-26 22:00:00",28270,27576
"2024-12-26 23:00:00",29813,27650
"2024-12-27 00:00:00",28001,27756
"2024-12-27 01:00:00",28039,27943
"2024-12-27 02:00:00",29079,28089
"2024-12-27 03:00:00",28206,28106
"2024-12-27 04:00:00",27673,28109
"2024-12-27 05:00:00",26763,28140
"2024-12-27 06:00:00",26081,28241
"2024-12-27 07:00:00",24404,28316
"2024-12-27 08:00:00",24133,28455
"2024-12-27 09:00:00",23877,28558
"2024-12-27 10:00:00",24064,28585
"2024-12-27 11:00:00",26473,28661
"2024-12-27 12:00:00",27567,28806
"2024-12-27 13:00:00",29920,28954
"2024-12-27 14:00:00",30321,29072
"2024-12-27 15:00:00",30678,29160
"2024-12-27 16:00:00",28230,29182
"2024-12-27 17:00:00",28246,29247
"2024-12-27 18:00:00",29217,29292
"2024-12-27 19:00:00",30821,29228
"2024-12-27 20:00:00",31264,29221
"2024-12-27 21:00:00",30865,29184
"2024-12-27 22:00:00",30209,29168
"2024-12-27 23:00:00",32629,29292
"2024-12-28 00:00:00",32538,29341
"2024-12-28 01:00:00",30796,29362
"2024-12-28 02:00:00",29073,29347
"2024-12-28 03:00:00",27585,29352
"2024-12-28 04:00:00",27995,29320
"2024-12-28 05:00:00",28924,29338
"2024-12-28 06:00:00",27551,29379
"2024-12-28 07:00:00",27413,29403
"2024-12-28 08:00:00",25933,29397
"2024-12-28 09:00:00",24143,29429
"2024-12-28 10:00:00",25546,29541
"2024-12-28 11:00:00",29865,29681
"2024-12-28 12:00:00",30670,29723
"2024-12-28 13:00:00",31734,29755
"2024-12-28 14:00:00",32898,29778
"2024-12-28 15:00:00",32565,29770
"2024-12-28 16:00:00",31413,29798
"2024-12-28 17:00:00",30446,29859
"2024-12-28 18:00:00",27595,29949
"2024-12-28 19:00:00",30562,30173
"2024-12-28 20:00:00",29828,30292
"2024-12-28 21:00:00",29866,30438
"2024-12-28 22:00:00",33269,30611
"2024-12-28 23:00:00",32873,30631
"2024-12-29 00:00:00",32414,30592
"2024-12-29 01:00:00",30374,30515
"2024-12-29 02:00:00",29468,30372
"2024-12-29 03:00:00",26517,30253
"2024-12-29 04:00:00",27940,30352
"2024-12-29 05:00:00",29791,30369
"2024-12-29 06:00:00",27414,30317
"2024-12-29 07:00:00",26678,30309
"2024-12-29 08:00:00",26886,30321
"2024-12-29 09:00:00",27261,30339
"2024-12-29 10:00:00",28924,30371
"2024-12-29 11:00:00",30237,30281
"2024-12-29 12:00:00",31108,30254
"2024-12-29 13:00:00",31650,30268
"2024-12-29 14:00:00",32011,30290
"2024-12-29 15:00:00",32416,30303
"2024-12-29 16:00:00",32642,30270
"2024-12-29 17:00:00",33904,30298
"2024-12-29 18:00:00",34969,30404
"2024-12-29 19:00:00",34941,30421
"2024-12-29 20:00:00",34946,30474
"2024-12-29 21:00:00",34473,30495
"2024-12-29 22:00:00",33906,30460
"2024-12-29 23:00:00",31700,30420
"2024-12-30 00:00:00",30101,30427
"2024-12-30 01:00:00",25611,30413
"2024-12-30 02:00:00",26012,30360
"2024-12-30 03:00:00",29808,30569
"2024-12-30 04:00:00",28223,30634
"2024-12-30 05:00:00",28197,30702
"2024-12-30 06:00:00",27460,30771
"2024-12-30 07:00:00",26763,30789
"2024-12-30 08:00:00",26336,30757
"2024-12-30 09:00:00",27071,30633
"2024-12-30 10:00:00",25798,29899
"2024-12-30 11:00:00",29201,29413
"2024-12-30 12:00:00",31617,28984
"2024-12-30 13:00:00",32769,28596
"2024-12-30 14:00:00",32544,28228
"2024-12-30 15:00:00",30831,28011
"2024-12-30 16:00:00",32210,27990
"2024-12-30 17:00:00",34490,27961
"2024-12-30 18:00:00",33744,27840
"2024-12-30 19:00:00",34614,27760
"2024-12-30 20:00:00",33746,27623
"2024-12-30 21:00:00",32988,27494
"2024-12-30 22:00:00",33000,27383
"2024-12-30 23:00:00",32882,27296
"2024-12-31 00:00:00",31605,27209
"2024-12-31 01:00:00",25256,27113
"2024-12-31 02:00:00",31771,27269
"2024-12-31 03:00:00",31913,27170
"2024-12-31 04:00:00",31264,27095
"2024-12-31 05:00:00",30603,27021
"2024-12-31 06:00:00",28034,26951
"2024-12-31 07:00:00",25935,26922
"2024-12-31 08:00:00",22106,26797
"2024-12-31 09:00:00",2928,26342
"2024-12-31 10:00:00",9238,26072
"2024-12-31 11:00:00",13895,26086
"2024-12-31 12:00:00",17390,26155
"2024-12-31 13:00:00",19465,26276
"2024-12-31 14:00:00",25499,26483
"2024-12-31 15:00:00",30117,26553
"2024-12-31 16:00:00",30737,26695
"2024-12-31 17:00:00",30627,26792
"2024-12-31 18:00:00",30853,26991
"2024-12-31 19:00:00",30144,27168
"2024-12-31 20:00:00",29677,27395
"2024-12-31 21:00:00",29250,27630
"2024-12-31 22:00:00",29120,27858
"2024-12-31 23:00:00",28790,28065
"2025-01-01 00:00:00",28107,28251
"2025-01-01 01:00:00",27759,28493
"2025-01-01 02:00:00",26886,28542
"2025-01-01 03:00:00",27400,28589
"2025-01-01 04:00:00",27092,28603
"2025-01-01 05:00:00",27494,28680
"2025-01-01 06:00:00",27088,28784
"2025-01-01 07:00:00",23272,28755
"2025-01-01 08:00:00",17797,28810
"2025-01-01 09:00:00",1482,29042
"2025-01-01 10:00:00",17622,29824
"2025-01-01 11:00:00",23833,30176
"2025-01-01 12:00:00",28820,30412
"2025-01-01 13:00:00",30861,30519
"2025-01-01 14:00:00",28444,30490
"2025-01-01 15:00:00",36138,30761
"2025-01-01 16:00:00",36470,30879
"2025-01-01 17:00:00",39629,31054
"2025-01-01 18:00:00",39983,31164
"2025-01-01 19:00:00",40947,31282
"2025-01-01 20:00:00",40684,31352
"2025-01-01 21:00:00",40140,31425
"2025-01-01 22:00:00",39404,31471
"2025-01-01 23:00:00",38001,31450
"2025-01-02 00:00:00",36035,31383
"2025-01-02 01:00:00",32648,31383
"2025-01-02 02:00:00",31555,31470
"2025-01-02 03:00:00",30659,31558
"2025-01-02 04:00:00",32162,31697
"2025-01-02 05:00:00",32343,31793
"2025-01-02 06:00:00",27898,31792
"2025-01-02 07:00:00",28287,31907
"2025-01-02 08:00:00",27949,31965
"2025-01-02 09:00:00",26929,32267
"2025-01-02 10:00:00",25580,32282
"2025-01-02 11:00:00",26366,32255
"2025-01-02 12:00:00",26346,32166
"2025-01-02 13:00:00",28283,32192
"2025-01-02 14:00:00",35606,32345
"2025-01-02 15:00:00",37512,32246
"2025-01-02 16:00:00",37964,32126
"2025-01-02 17:00:00",38500,31995
"2025-01-02 18:00:00",38033,31842
"2025-01-02 19:00:00",36924,31762
"2025-01-02 20:00:00",36792,31706
"2025-01-02 21:00:00",35498,31638
"2025-01-02 22:00:00",32733,31550
"2025-01-02 23:00:00",30239,31489
"2025-01-03 00:00:00",32943,31543
"2025-01-03 01:00:00",33121,31558
"2025-01-03 02:00:00",32976,31597
"2025-01-03 03:00:00",32887,31665
"2025-01-03 04:00:00",32846,31706
"2025-01-03 05:00:00",31803,31723
"2025-01-03 06:00:00",29188,31778
"2025-01-03 07:00:00",23684,31695
"2025-01-03 08:00:00",22634,31756
"2025-01-03 09:00:00",21926,31834
"2025-01-03 10:00:00",22637,31927
"2025-01-03 11:00:00",24376,32033
"2025-01-03 12:00:00",29151,32183
"2025-01-03 13:00:00",29381,32329
"2025-01-03 14:00:00",30453,32396
"2025-01-03 15:00:00",31376,32424
"2025-01-03 16:00:00",33215,32452
"2025-01-03 17:00:00",33439,32417
"2025-01-03 18:00:00",37493,32417
"2025-01-03 19:00:00",37345,32426
"2025-01-03 20:00:00",37263,32448
"2025-01-03 21:00:00",36632,32444
"2025-01-03 22:00:00",35893,32473
"2025-01-03 23:00:00",34786,32514
"2025-01-04 00:00:00",33148,32470
"2025-01-04 01:00:00",33657,32459
"2025-01-04 02:00:00",34082,32402
"2025-01-04 03:00:00",34052,32320
"2025-01-04 04:00:00",33911,32327
"2025-01-04 05:00:00",33087,32344
"2025-01-04 06:00:00",29184,32328
"2025-01-04 07:00:00",30463,32518
"2025-01-04 08:00:00",29936,32672
"2025-01-04 09:00:00",28306,32781
"2025-01-04 10:00:00",28846,32871
"2025-01-04 11:00:00",28706,32898
"2025-01-04 12:00:00",34666,33078
"2025-01-04 13:00:00",36576,33158
"2025-01-04 14:00:00",36778,33260
"2025-01-04 15:00:00",36677,33373
"2025-01-04 16:00:00",36037,33439
"2025-01-04 17:00:00",34079,33481
"2025-01-04 18:00:00",37713,33519
"2025-01-04 19:00:00",38091,33514
"2025-01-04 20:00:00",36335,33492
"2025-01-04 21:00:00",35407,33509
"2025-01-04 22:00:00",33972,33528
"2025-01-04 23:00:00",32820,33560
"2025-01-05 00:00:00",32342,33613
"2025-01-05 01:00:00",30266,33610
"2025-01-05 02:00:00",29504,33570
"2025-01-05 03:00:00",33592,33653
"2025-01-05 04:00:00",33647,33647
"2025-01-05 05:00:00",32492,33632
"2025-01-05 06:00:00",31840,33683
"2025-01-05 07:00:00",31012,33679
"2025-01-05 08:00:00",29251,33671
"2025-01-05 09:00:00",26833,33659
"2025-01-05 10:00:00",26187,33669
"2025-01-05 11:00:00",31953,33835
"2025-01-05 12:00:00",31706,33788
"2025-01-05 13:00:00",35421,33811
"2025-01-05 14:00:00",37054,33788
"2025-01-05 15:00:00",37052,33709
"2025-01-05 16:00:00",37361,33667
"2025-01-05 17:00:00",35617,33581
"2025-01-05 18:00:00",36705,33586
"2025-01-05 19:00:00",37919,33589
"2025-01-05 20:00:00",38285,33591
"2025-01-05 21:00:00",38142,33596
"2025-01-05 22:00:00",37395,33586
"2025-01-05 23:00:00",36122,33568
"2025-01-06 00:00:00",35550,33543
"2025-01-06 01:00:00",32937,33494
"2025-01-06 02:00:00",33996,33512
"2025-01-06 03:00:00",33610,33421
"2025-01-06 04:00:00",33562,33349
"2025-01-06 05:00:00",32361,33268
"2025-01-06 06:00:00",31122,33219
"2025-01-06 07:00:00",31349,33213
"2025-01-06 08:00:00",30266,33205
"2025-01-06 09:00:00",30127,33251
"2025-01-06 10:00:00",31042,33323
"2025-01-06 11:00:00",32838,33360
"2025-01-06 12:00:00",34138,33433
"2025-01-06 13:00:00",34086,33411
"2025-01-06 14:00:00",32805,33322
"2025-01-06 15:00:00",33638,33277
"2025-01-06 16:00:00",31475,33140
"2025-01-06 17:00:00",37045,33219
"2025-01-06 18:00:00",37059,33196
"2025-01-06 19:00:00",35947,33134
"2025-01-06 20:00:00",35560,33100
"2025-01-06 21:00:00",33877,33032
"2025-01-06 22:00:00",32795,32964
"2025-01-06 23:00:00",31234,32886
"2025-01-07 00:00:00",29996,32798
"2025-01-07 01:00:00",28722,32718
"2025-01-07 02:00:00",29179,32594
"2025-01-07 03:00:00",29936,32506
"2025-01-07 04:00:00",29395,32389
"2025-01-07 05:00:00",30529,32307
"2025-01-07 06:00:00",30286,32209
"2025-01-07 07:00:00",29607,32054
"2025-01-07 08:00:00",28631,31872
"2025-01-07 09:00:00",28032,31542
"2025-01-07 10:00:00",31719,31081
"2025-01-07 11:00:00",33613,30582
"2025-01-07 12:00:00",34405,30216
"2025-01-07 13:00:00",34347,29897
"2025-01-07 14:00:00",34380,29794
"2025-01-07 15:00:00",33396,29835
"2025-01-07 16:00:00",33814,30025
"2025-01-07 17:00:00",35228,30108
"2025-01-07 18:00:00",36048,30184
"2025-01-07 19:00:00",37383,30299
"2025-01-07 20:00:00",37112,30348
"2025-01-07 21:00:00",35923,30405
"2025-01-07 22:00:00",34683,30462
"2025-01-07 23:00:00",33485,30546
"2025-01-08 00:00:00",30944,30573
"2025-01-08 01:00:00",28142,30603
"2025-01-08 02:00:00",29061,30633
"2025-01-08 03:00:00",28910,30662
"2025-01-08 04:00:00",27282,30690
"2025-01-08 05:00:00",26172,30697
"2025-01-08 06:00:00",23913,30617
"2025-01-08 07:00:00",21558,30547
"2025-01-08 08:00:00",12819,30302
"2025-01-08 09:00:00",982,29887
"2025-01-08 10:00:00",2123,29587
"2025-01-08 11:00:00",12134,29489
"2025-01-08 12:00:00",15487,29340
"2025-01-08 13:00:00",25844,29432
"2025-01-08 14:00:00",36655,29638
"2025-01-08 15:00:00",40599,29827
"2025-01-08 16:00:00",40762,29938
"2025-01-08 17:00:00",40698,30011
"2025-01-08 18:00:00",40311,30053
"2025-01-08 19:00:00",37659,30025
"2025-01-08 20:00:00",37164,30035
"2025-01-08 21:00:00",36130,30038
"2025-01-08 22:00:00",36003,30068
"2025-01-08 23:00:00",33261,30034
"2025-01-09 00:00:00",33183,30042
"2025-01-09 01:00:00",29756,29993
"2025-01-09 02:00:00",31900,30003
"2025-01-09 03:00:00",33424,30002
"2025-01-09 04:00:00",33949,29980
"2025-01-09 05:00:00",30717,29874
"2025-01-09 06:00:00",31664,29864
"2025-01-09 07:00:00",30746,29846
"2025-01-09 08:00:00",29181,30012
"2025-01-09 09:00:00",28657,30494
"2025-01-09 10:00:00",29913,30998
"2025-01-09 11:00:00",33107,31340
"2025-01-09 12:00:00",35196,31613
"2025-01-09 13:00:00",35717,31611
"2025-01-09 14:00:00",37575,31371
"2025-01-09 15:00:00",37031,30992
"2025-01-09 16:00:00",37092,30649
"2025-01-09 17:00:00",36966,30307
"2025-01-09 18:00:00",38659,30028
"2025-01-09 19:00:00",38760,29816
"2025-01-09 20:00:00",37538,29584
"2025-01-09 21:00:00",36424,29369
"2025-01-09 22:00:00",34770,29125
"2025-01-09 23:00:00",30536,28867
"2025-01-10 00:00:00",27825,28592
"2025-01-10 01:00:00",26054,28391
"2025-01-10 02:00:00",24603,28128
"2025-01-10 03:00:00",20862,27843
"2025-01-10 04:00:00",19471,27488
"2025-01-10 05:00:00",16810,27239
"2025-01-10 06:00:00",14534,26998
"2025-01-10 07:00:00",12917,26747
"2025-01-10 08:00:00",12093,26520
"2025-01-10 09:00:00",12454,26315
"2025-01-10 10:00:00",14751,26121
"2025-01-10 11:00:00",15266,25826
"2025-01-10 12:00:00",16403,25464
"2025-01-10 13:00:00",16979,25150
"2025-01-10 14:00:00",17435,24798
"2025-01-10 15:00:00",19416,24528
"2025-01-10 16:00:00",19575,24245
"2025-01-10 17:00:00",19803,23969
"2025-01-10 18:00:00",20759,23670
"2025-01-10 19:00:00",20698,23366
"2025-01-10 20:00:00",20670,23087
"2025-01-10 21:00:00",20386,22822
"2025-01-10 22:00:00",20441,22603
"2025-01-10 23:00:00",20086,22478
"2025-01-11 00:00:00",19389,22404
"2025-01-11 01:00:00",20201,22396
"2025-01-11 02:00:00",27615,22620
"2025-01-11 03:00:00",22885,22691
"2025-01-11 04:00:00",28032,23019
"2025-01-11 05:00:00",32787,23497
"2025-01-11 06:00:00",31365,23931
"2025-01-11 07:00:00",30366,24359
"2025-01-11 08:00:00",29566,24772
"2025-01-11 09:00:00",28899,25166
"2025-01-11 10:00:00",29619,25485
"2025-01-11 11:00:00",27339,25778
"2025-01-11 12:00:00",32233,26322
"2025-01-11 13:00:00",33287,26849
"2025-01-11 14:00:00",34793,27393
"2025-01-11 15:00:00",35891,27885
"2025-01-11 16:00:00",36129,28369
"2025-01-11 17:00:00",36441,28857
"2025-01-11 18:00:00",37782,29363
"2025-01-11 19:00:00",37204,29837
"2025-01-11 20:00:00",36774,30298
"2025-01-11 21:00:00",36503,30741
"2025-01-11 22:00:00",35456,31138
"2025-01-11 23:00:00",34698,31511
"2025-01-12 00:00:00",33606,31864
"2025-01-12 01:00:00",32526,32149
"2025-01-12 02:00:00",30121,32131
"2025-01-12 03:00:00",30724,32327
"2025-01-12 04:00:00",30546,32352
"2025-01-12 05:00:00",29513,32201
"2025-01-12 06:00:00",26075,31997
"2025-01-12 07:00:00",23499,31775
"2025-01-12 08:00:00",23420,31565
"2025-01-12 09:00:00",20207,31270
"2025-01-12 10:00:00",25373,31173
"2025-01-12 11:00:00",34505,31416
"2025-01-12 12:00:00",36717,31504
"2025-01-12 13:00:00",36568,31526
"2025-01-12 14:00:00",35655,31478
"2025-01-12 15:00:00",35778,31407
"2025-01-12 16:00:00",35920,31347
"2025-01-12 17:00:00",36743,31279
"2025-01-12 18:00:00",36414,31169
"2025-01-12 19:00:00",35594,31078
"2025-01-12 20:00:00",33365,30933
"2025-01-12 21:00:00",31861,30742
"2025-01-12 22:00:00",29526,30505
"2025-01-12 23:00:00",27870,30261
"2025-01-13 00:00:00",25570,29982
"2025-01-13 01:00:00",24008,29702
"2025-01-13 02:00:00",26050,29590
"2025-01-13 03:00:00",25748,29428
"2025-01-13 04:00:00",25607,29257
"2025-01-13 05:00:00",25338,29097
"2025-01-13 05:20:00",25156,
"2025-01-13 05:30:00",25207,
"2025-01-13 05:40:00",24749,
"2025-01-13 05:50:00",24724,
"2025-01-13 06:00:00",24641,29006
"2025-01-13 06:10:00",24681,
"2025-01-13 06:20:00",24563,
"2025-01-13 06:30:00",23879,
"2025-01-13 06:40:00",24248,
"2025-01-13 06:50:00",23266,
"2025-01-13 07:00:00",20609,28885
"2025-01-13 07:10:00",21036,
"2025-01-13 07:20:00",21270,
"2025-01-13 07:30:00",20764,
"2025-01-13 07:40:00",19004,
"2025-01-13 07:50:00",20181,
"2025-01-13 08:00:00",20626,28806
"2025-01-13 08:10:00",20512,
"2025-01-13 08:20:00",16104,
"2025-01-13 08:30:00",16917,
"2025-01-13 08:40:00",16762,
"2025-01-13 08:50:00",18224,
"2025-01-13 09:00:00",19030,28913
"2025-01-13 09:10:00",18909,
"2025-01-13 09:20:00",21426,
"2025-01-13 09:30:00",21806,
"2025-01-13 09:40:00",22532,
"2025-01-13 09:50:00",23105,
"2025-01-13 10:00:00",26011,28948
"2025-01-13 10:10:00",27046,
"2025-01-13 10:20:00",26808,
"2025-01-13 10:30:00",25773,
"2025-01-13 10:40:00",26436,
"2025-01-13 10:50:00",26949,
"2025-01-13 11:00:00",26682,28809
"2025-01-13 11:10:00",26514,
"2025-01-13 11:20:00",27738,
"2025-01-13 11:30:00",29198,
"2025-01-13 11:40:00",29490,
"2025-01-13 11:50:00",28759,
"2025-01-13 12:00:00",28837,28558
"2025-01-13 12:10:00",28650,
"2025-01-13 12:20:00",25025,
"2025-01-13 12:30:00",26397,
"2025-01-13 12:40:00",27213,
"2025-01-13 12:50:00",27247,
"2025-01-13 13:00:00",26976,28328
"2025-01-13 13:10:00",27046,
"2025-01-13 13:20:00",27684,
"2025-01-13 13:30:00",28578,
"2025-01-13 13:40:00",29057,
"2025-01-13 13:50:00",28588,
"2025-01-13 14:00:00",28047,28108
"2025-01-13 14:10:00",27262,
"2025-01-13 14:20:00",27813,
"2025-01-13 14:30:00",28532,
"2025-01-13 14:40:00",28664,
"2025-01-13 14:50:00",28808,
"2025-01-13 15:00:00",28497,27933
"2025-01-13 15:10:00",28329,
"2025-01-13 15:20:00",30177,
"2025-01-13 15:30:00",30186,
"2025-01-13 15:40:00",26878,
"2025-01-13 15:50:00",27835,
"2025-01-13 16:00:00",27939,27676
"2025-01-13 16:10:00",27583,
"2025-01-13 16:20:00",27459,
"2025-01-13 16:30:00",27273,
"2025-01-13 16:40:00",26958,
"2025-01-13 16:50:00",27062,
"2025-01-13 17:00:00",28103,27480
"2025-01-13 17:10:00",28301,
"2025-01-13 17:20:00",28810,
"2025-01-13 17:30:00",29562,
"2025-01-13 17:40:00",29750,
"2025-01-13 17:50:00",29561,
"2025-01-13 18:00:00",29996,27346
"2025-01-13 18:10:00",29809,
"2025-01-13 18:20:00",29376,
"2025-01-13 18:30:00",29418,
"2025-01-13 18:40:00",31611,
"2025-01-13 18:50:00",31838,
"2025-01-13 19:00:00",31300,27199
"2025-01-13 19:10:00",30891,
"2025-01-13 19:20:00",30064,
"2025-01-13 19:30:00",28642,
"2025-01-13 19:40:00",28406,
"2025-01-13 19:50:00",28614,
"2025-01-13 20:00:00",28299,27023
"2025-01-13 20:10:00",27772,
"2025-01-13 20:20:00",27424,
"2025-01-13 20:30:00",27006,
"2025-01-13 20:40:00",26387,
"2025-01-13 20:50:00",26331,
"2025-01-13 21:00:00",25575,26857
"2025-01-13 21:10:00",25003,
"2025-01-13 21:20:00",24643,
"2025-01-13 21:30:00",24907,
"2025-01-13 21:40:00",26248,
"2025-01-13 21:50:00",26322,
"2025-01-13 22:00:00",26085,26773
"2025-01-13 22:10:00",25564,
"2025-01-13 22:20:00",25140,
"2025-01-13 22:30:00",24756,
"2025-01-13 22:40:00",24830,
"2025-01-13 22:50:00",24697,
"2025-01-13 23:00:00",24727,26686
"2025-01-13 23:10:00",24791,
"2025-01-13 23:20:00",24825,
"2025-01-13 23:30:00",24428,
"2025-01-13 23:40:00",24184,
"2025-01-13 23:50:00",23933,
"2025-01-14 00:00:00",23616,26648
"2025-01-14 00:10:00",23733,
"2025-01-14 00:20:00",23868,
"2025-01-14 00:30:00",23976,
"2025-01-14 00:40:00",23519,
"2025-01-14 00:50:00",23569,
"2025-01-14 01:00:00",23493,26701
"2025-01-14 01:10:00",23112,
"2025-01-14 01:20:00",23960,
"2025-01-14 01:30:00",24798,
"2025-01-14 01:40:00",25287,
"2025-01-14 01:50:00",25144,
"2025-01-14 02:00:00",25101,26664
"2025-01-14 02:10:00",24866,
"2025-01-14 02:20:00",24544,
"2025-01-14 02:30:00",24340,
"2025-01-14 02:40:00",24094,
"2025-01-14 02:50:00",24022,
"2025-01-14 03:00:00",23890,26591
"2025-01-14 03:10:00",23369,
"2025-01-14 03:20:00",23239,
"2025-01-14 03:30:00",22315,
"2025-01-14 03:40:00",21472,
"2025-01-14 03:50:00",21821,
"2025-01-14 04:00:00",22365,26462
"2025-01-14 04:10:00",21377,
"2025-01-14 04:20:00",21865,
"2025-01-14 04:30:00",20796,
"2025-01-14 04:40:00",19754,
"2025-01-14 04:50:00",19299,
"2025-01-14 05:00:00",19223,26264
"2025-01-14 05:10:00",19611,
"2025-01-14 05:20:00",19461,
"2025-01-14 05:30:00",19066,
"2025-01-14 05:40:00",20025,
"2025-01-14 05:50:00",19487,
"2025-01-14 06:00:00",18712,26072
"2025-01-14 06:10:00",18862,
"2025-01-14 06:20:00",18893,
"2025-01-14 06:30:00",18901,
"2025-01-14 06:40:00",18846,
"2025-01-14 06:50:00",18986,
"2025-01-14 07:00:00",20009,26092
"2025-01-14 07:10:00",21077,
"2025-01-14 07:20:00",21890,
"2025-01-14 07:30:00",21812,
"2025-01-14 07:40:00",21642,
"2025-01-14 07:50:00",21666,
"2025-01-14 08:00:00",21591,26085
"2025-01-14 08:10:00",21281,
"2025-01-14 08:20:00",21090,
"2025-01-14 08:30:00",20670,
"2025-01-14 08:40:00",20394,
"2025-01-14 08:50:00",20445,
"2025-01-14 09:00:00",20538,25927
"2025-01-14 09:10:00",19963,
"2025-01-14 09:20:00",19807,
"2025-01-14 09:30:00",19815,
"2025-01-14 09:40:00",20089,
"2025-01-14 09:50:00",20275,
"2025-01-14 10:00:00",20548,25898
"2025-01-14 10:10:00",20539,
"2025-01-14 10:20:00",25749,
"2025-01-14 10:30:00",27092,
"2025-01-14 10:40:00",28682,
"2025-01-14 10:50:00",28939,
"2025-01-14 11:00:00",29354,25679
"2025-01-14 11:10:00",28203,
"2025-01-14 11:20:00",28478,
"2025-01-14 11:30:00",28849,
"2025-01-14 11:40:00",28419,
"2025-01-14 11:50:00",29199,
"2025-01-14 12:00:00",29858,25577
"2025-01-14 12:10:00",28169,
"2025-01-14 12:20:00",28088,
"2025-01-14 12:30:00",26931,
"2025-01-14 12:40:00",26023,
"2025-01-14 12:50:00",27665,
"2025-01-14 13:00:00",28648,25537
"2025-01-14 13:10:00",28598,
"2025-01-14 13:20:00",28242,
"2025-01-14 13:30:00",28857,
"2025-01-14 13:40:00",28930,
"2025-01-14 13:50:00",28915,
"2025-01-14 14:00:00",28933,25579
"2025-01-14 14:10:00",28701,
"2025-01-14 14:20:00",28743,
"2025-01-14 14:30:00",28662,
"2025-01-14 14:40:00",28857,
"2025-01-14 14:50:00",29183,
"2025-01-14 15:00:00",29360,25626
"2025-01-14 15:10:00",29361,
"2025-01-14 15:20:00",29474,
"2025-01-14 15:30:00",29560,
"2025-01-14 15:40:00",30077,
"2025-01-14 15:50:00",30191,
"2025-01-14 16:00:00",30420,25783
"2025-01-14 16:10:00",30964,
"2025-01-14 16:20:00",31199,
"2025-01-14 16:30:00",30824,
"2025-01-14 16:40:00",31210,
"2025-01-14 16:50:00",31171,
"2025-01-14 17:00:00",31160,25876
"2025-01-14 17:10:00",30809,
"2025-01-14 17:20:00",30899,
"2025-01-14 17:30:00",30624,
"2025-01-14 17:40:00",31094,
"2025-01-14 17:50:00",31181,
"2025-01-14 18:00:00",30990,25901
"2025-01-14 18:10:00",30482,
"2025-01-14 18:20:00",30455,
"2025-01-14 18:30:00",30381,
"2025-01-14 18:40:00",30192,
"2025-01-14 18:50:00",29963,
"2025-01-14 19:00:00",29921,25909
"2025-01-14 19:10:00",30020,
"2025-01-14 19:20:00",29617,
"2025-01-14 19:30:00",29433,
"2025-01-14 19:40:00",29313,
"2025-01-14 19:50:00",29308,
"2025-01-14 20:00:00",29080,26023
"2025-01-14 20:10:00",28551,
"2025-01-14 20:20:00",29932,
"2025-01-14 20:30:00",29686,
"2025-01-14 20:40:00",29613,
"2025-01-14 20:50:00",29247,
"2025-01-14 21:00:00",29577,26188
"2025-01-14 21:10:00",29208,
"2025-01-14 21:20:00",28298,
"2025-01-14 21:30:00",27476,
"2025-01-14 21:40:00",27476,
"2025-01-14 21:50:00",27476,
"2025-01-14 22:00:00",27476,26289
"2025-01-14 22:10:00",27619,
"2025-01-14 22:20:00",27544,
"2025-01-14 22:30:00",27181,
"2025-01-14 22:40:00",26996,
"2025-01-14 22:50:00",26692,
"2025-01-14 23:00:00",26472,26392
"2025-01-14 23:10:00",20214,
"2025-01-14 23:20:00",25260,
"2025-01-14 23:30:00",25125,
"2025-01-14 23:40:00",25051,
"2025-01-14 23:50:00",25047,
"2025-01-15 00:00:00",25175,26474
"2025-01-15 00:10:00",24947,
"2025-01-15 00:20:00",24732,
"2025-01-15 00:30:00",24364,
"2025-01-15 00:40:00",24210,
"2025-01-15 00:50:00",24034,
"2025-01-15 01:00:00",24595,26496
"2025-01-15 01:10:00",24490,
"2025-01-15 01:20:00",23728,
"2025-01-15 01:30:00",24207,
"2025-01-15 01:40:00",23987,
"2025-01-15 01:50:00",23709,
"2025-01-15 02:00:00",23765,26483
"2025-01-15 02:10:00",23571,
"2025-01-15 02:20:00",22653,
"2025-01-15 02:30:00",21952,
"2025-01-15 02:40:00",21062,
"2025-01-15 02:50:00",21509,
"2025-01-15 03:00:00",21391,26433
"2025-01-15 03:10:00",21177,
"2025-01-15 03:20:00",20445,
"2025-01-15 03:30:00",20052,
"2025-01-15 03:40:00",19821,
"2025-01-15 03:50:00",19819,
"2025-01-15 04:00:00",19889,26407
"2025-01-15 04:10:00",19357,
"2025-01-15 04:20:00",19057,
"2025-01-15 04:30:00",18924,
"2025-01-15 04:40:00",18242,
"2025-01-15 04:50:00",19435,
"2025-01-15 05:00:00",19721,26455
"2025-01-15 05:10:00",19365,
"2025-01-15 05:20:00",18907,
"2025-01-15 05:30:00",18870,
"2025-01-15 05:40:00",18602,
"2025-01-15 05:50:00",18473,
"2025-01-15 06:00:00",18927,26488
"2025-01-15 06:10:00",18882,
"2025-01-15 06:20:00",18581,
"2025-01-15 06:30:00",18222,
"2025-01-15 06:40:00",18006,
"2025-01-15 06:50:00",17461,
"2025-01-15 07:00:00",17189,26342
"2025-01-15 07:10:00",16893,
"2025-01-15 07:20:00",15222,
"2025-01-15 07:30:00",14576,
"2025-01-15 07:40:00",13923,
"2025-01-15 07:50:00",13343,
"2025-01-15 08:00:00",12690,26045
"2025-01-15 08:10:00",11760,
"2025-01-15 08:20:00",10945,
"2025-01-15 08:30:00",10411,
"2025-01-15 08:40:00",9979,
"2025-01-15 08:50:00",9621,
"2025-01-15 09:00:00",9006,25685
"2025-01-15 09:10:00",3217,
"2025-01-15 09:20:00",1567,
"2025-01-15 09:30:00",1372,
"2025-01-15 09:40:00",912,
"2025-01-15 09:50:00",956,
"2025-01-15 10:00:00",956,24798
"2025-01-15 10:10:00",943,
"2025-01-15 10:20:00",1006,
"2025-01-15 10:30:00",1158,
"2025-01-15 10:40:00",1344,
"2025-01-15 10:50:00",1930,
"2025-01-15 11:00:00",2104,24313
"2025-01-15 11:10:00",2431,
"2025-01-15 11:20:00",5767,
"2025-01-15 11:30:00",8228,
"2025-01-15 11:40:00",10683,
"2025-01-15 11:50:00",11693,
"2025-01-15 12:00:00",13461,24211
"2025-01-15 12:10:00",14787,
"2025-01-15 12:20:00",19110,
"2025-01-15 12:30:00",21249,
"2025-01-15 12:40:00",22956,
"2025-01-15 12:50:00",24882,
"2025-01-15 13:00:00",26401,24303
"2025-01-15 13:10:00",27039,
"2025-01-15 13:20:00",28815,
"2025-01-15 13:30:00",30316,
"2025-01-15 13:40:00",31904,
"2025-01-15 13:50:00",32237,
"2025-01-15 14:00:00",32769,24465
"2025-01-15 14:10:00",32938,
"2025-01-15 14:20:00",33540,
"2025-01-15 14:30:00",33722,
"2025-01-15 14:40:00",33839,
"2025-01-15 14:50:00",34725,
"2025-01-15 15:00:00",35186,24633
"2025-01-15 15:10:00",35417,
"2025-01-15 15:20:00",35631,
"2025-01-15 15:30:00",35521,
"2025-01-15 15:40:00",35690,
"2025-01-15 15:50:00",35659,
"2025-01-15 16:00:00",35291,24801
"2025-01-15 16:10:00",35522,
"2025-01-15 16:20:00",35834,
"2025-01-15 16:30:00",35898,
"2025-01-15 16:40:00",36112,
"2025-01-15 16:50:00",36532,
"2025-01-15 17:00:00",36846,25024
"2025-01-15 17:10:00",37286,
"2025-01-15 17:20:00",37839,
"2025-01-15 17:30:00",37801,
"2025-01-15 17:40:00",37797,
"2025-01-15 17:50:00",37602,
"2025-01-15 18:00:00",37450,25248
"2025-01-15 18:10:00",37593,
"2025-01-15 18:20:00",37507,
"2025-01-15 18:30:00",37582,
"2025-01-15 18:40:00",37382,
"2025-01-15 18:50:00",37268,
"2025-01-15 19:00:00",36762,25507
"2025-01-15 19:10:00",37289,
"2025-01-15 19:20:00",37336,
"2025-01-15 19:30:00",37343,
"2025-01-15 19:40:00",37464,
"2025-01-15 19:50:00",37191,
"2025-01-15 20:00:00",36894,25751
"2025-01-15 20:10:00",36507,
"2025-01-15 20:20:00",35662,
"2025-01-15 20:30:00",35623,
"2025-01-15 20:40:00",36145,
"2025-01-15 20:50:00",36011,
"2025-01-15 21:00:00",35895,25972
"2025-01-15 21:10:00",35448,
"2025-01-15 21:20:00",35096,
"2025-01-15 21:30:00",34955,
"2025-01-15 21:40:00",34550,
"2025-01-15 21:50:00",34006,
"2025-01-15 22:00:00",33723,26179
"2025-01-15 22:10:00",33468,
"2025-01-15 22:20:00",32973,
"2025-01-15 22:30:00",32715,
"2025-01-15 22:40:00",32169,
"2025-01-15 22:50:00",31935,
"2025-01-15 23:00:00",31832,26370
"2025-01-15 23:10:00",31968,
"2025-01-15 23:20:00",30866,
"2025-01-15 23:30:00",30658,
"2025-01-15 23:40:00",31041,
"2025-01-15 23:50:00",31536,
"2025-01-16 00:00:00",31472,26582
"2025-01-16 00:10:00",28921,
"2025-01-16 00:20:00",30434,
"2025-01-16 00:30:00",29861,
"2025-01-16 00:40:00",29652,
"2025-01-16 00:50:00",27556,
"2025-01-16 01:00:00",28615,26733
"2025-01-16 01:10:00",28647,
"2025-01-16 01:20:00",29217,
"2025-01-16 01:30:00",28982,
"2025-01-16 01:40:00",28525,
"2025-01-16 01:50:00",28639,
"2025-01-16 02:00:00",28658,26897
"2025-01-16 02:10:00",28773,
"2025-01-16 02:20:00",28726,
"2025-01-16 02:30:00",28661,
"2025-01-16 02:40:00",27819,
"2025-01-16 02:50:00",27431,
"2025-01-16 03:00:00",29547,27197
"2025-01-16 03:10:00",30032,
"2025-01-16 03:20:00",30075,
"2025-01-16 03:30:00",29812,
"2025-01-16 03:40:00",29503,
"2025-01-16 03:50:00",29129,
"2025-01-16 04:00:00",28357,27475
"2025-01-16 04:10:00",27644,
"2025-01-16 04:20:00",26864,
"2025-01-16 04:30:00",26541,
"2025-01-16 04:40:00",26185,
"2025-01-16 04:50:00",25497,
"2025-01-16 05:00:00",25122,27643
"2025-01-16 05:10:00",24656,
"2025-01-16 05:20:00",24016,
"2025-01-16 05:30:00",23607,
"2025-01-16 05:40:00",22448,
"2025-01-16 05:50:00",22035,
"2025-01-16 06:00:00",21748,27733
"2025-01-16 06:10:00",21096,
"2025-01-16 06:20:00",20607,
"2025-01-16 06:30:00",20347,
"2025-01-16 06:40:00",20140,
"2025-01-16 06:50:00",19766,
"2025-01-16 07:00:00",19392,27818
"2025-01-16 07:10:00",19232,
"2025-01-16 07:20:00",19117,
"2025-01-16 07:30:00",19262,
"2025-01-16 07:40:00",19084,
"2025-01-16 07:50:00",18443,
"2025-01-16 08:00:00",19295,28081
"2025-01-16 08:10:00",19514,
"2025-01-16 08:20:00",19338,
"2025-01-16 08:30:00",19236,
"2025-01-16 08:40:00",18892,
"2025-01-16 08:50:00",18647,
"2025-01-16 09:00:00",18453,28431
"2025-01-16 09:10:00",18330,
"2025-01-16 09:20:00",18240,
"2025-01-16 09:30:00",18096,
"2025-01-16 09:40:00",17906,
"2025-01-16 09:50:00",17874,
"2025-01-16 10:00:00",15378,29194
"2025-01-16 10:10:00",17257,
"2025-01-16 10:20:00",18094,
"2025-01-16 10:30:00",19179,
"2025-01-16 10:40:00",20776,
"2025-01-16 10:50:00",23079,
"2025-01-16 11:00:00",24158,29677
"2025-01-16 11:10:00",23655,
"2025-01-16 11:20:00",22004,
"2025-01-16 11:30:00",21711,
"2025-01-16 11:40:00",21665,
"2025-01-16 11:50:00",22031,
"2025-01-16 12:00:00",22301,29612
"2025-01-16 12:10:00",22425,
"2025-01-16 12:20:00",22097,
"2025-01-16 12:30:00",21557,
"2025-01-16 12:40:00",22121,
"2025-01-16 12:50:00",22268,
"2025-01-16 13:00:00",23565,29518
"2025-01-16 13:10:00",24453,
"2025-01-16 13:20:00",24804,
"2025-01-16 13:30:00",24487,
"2025-01-16 13:40:00",26529,
"2025-01-16 13:50:00",28446,
"2025-01-16 14:00:00",29207,29430
"2025-01-16 14:10:00",29323,
"2025-01-16 14:20:00",30780,
"2025-01-16 14:30:00",30482,
"2025-01-16 14:40:00",31764,
"2025-01-16 14:50:00",31901,
"2025-01-16 15:00:00",32317,29361
"2025-01-16 15:10:00",32345,
"2025-01-16 15:20:00",32525,
"2025-01-16 15:30:00",32832,
"2025-01-16 15:40:00",33179,
"2025-01-16 15:50:00",33778,
"2025-01-16 16:00:00",33657,29312
"2025-01-16 16:10:00",34204,
"2025-01-16 16:20:00",35533,
"2025-01-16 16:30:00",34547,
"2025-01-16 16:40:00",34811,
"2025-01-16 16:50:00",35633,
"2025-01-16 17:00:00",33969,29280
"2025-01-16 17:10:00",36222,
"2025-01-16 17:20:00",37101,
"2025-01-16 17:30:00",37237,
"2025-01-16 17:40:00",37240,
"2025-01-16 17:50:00",37438,
"2025-01-16 18:00:00",37727,29272
"2025-01-16 18:10:00",37503,
"2025-01-16 18:20:00",37505,
"2025-01-16 18:30:00",37546,
"2025-01-16 18:40:00",37436,
"2025-01-16 18:50:00",37648,
"2025-01-16 19:00:00",37822,29272
"2025-01-16 19:10:00",37682,
"2025-01-16 19:20:00",37115,
"2025-01-16 19:30:00",36765,
"2025-01-16 19:40:00",36711,
"2025-01-16 19:50:00",36837,
"2025-01-16 20:00:00",37099,29262
"2025-01-16 20:10:00",36725,
"2025-01-16 20:20:00",36311,
"2025-01-16 20:30:00",35969,
"2025-01-16 20:40:00",35353,
"2025-01-16 20:50:00",35214,
"2025-01-16 21:00:00",34953,29205
"2025-01-16 21:10:00",34632,
"2025-01-16 21:20:00",34595,
"2025-01-16 21:30:00",34704,
"2025-01-16 21:40:00",34337,
"2025-01-16 21:50:00",34108,
"2025-01-16 22:00:00",33767,29189
"2025-01-16 22:10:00",33080,
"2025-01-16 22:20:00",32433,
"2025-01-16 22:30:00",31777,
"2025-01-16 22:40:00",31175,
"2025-01-16 22:50:00",30748,
"2025-01-16 23:00:00",30455,29112
"2025-01-16 23:10:00",29961,
"2025-01-16 23:20:00",29677,
"2025-01-16 23:30:00",29787,
"2025-01-16 23:40:00",29434,
"2025-01-16 23:50:00",29331,
"2025-01-17 00:00:00",29539,29031
"2025-01-17 00:10:00",29005,
"2025-01-17 00:20:00",28327,
"2025-01-17 00:30:00",27988,
"2025-01-17 00:40:00",27604,
"2025-01-17 00:50:00",26603,
"2025-01-17 01:00:00",26907,28941
"2025-01-17 01:10:00",26990,
"2025-01-17 01:20:00",27199,
"2025-01-17 01:30:00",27108,
"2025-01-17 01:40:00",27125,
"2025-01-17 01:50:00",27047,
"2025-01-17 02:00:00",27151,28876
"2025-01-17 02:10:00",26689,
"2025-01-17 02:20:00",26533,
"2025-01-17 02:30:00",26282,
"2025-01-17 02:40:00",25780,
"2025-01-17 02:50:00",25580,
"2025-01-17 03:00:00",25281,28707
"2025-01-17 03:10:00",25656,
"2025-01-17 03:20:00",25275,
"2025-01-17 03:30:00",25147,
"2025-01-17 03:40:00",24341,
"2025-01-17 03:50:00",23445,
"2025-01-17 04:00:00",23645,28542
"2025-01-17 04:10:00",23930,
"2025-01-17 04:20:00",23781,
"2025-01-17 04:30:00",23149,
"2025-01-17 04:40:00",22381,
"2025-01-17 04:50:00",22398,
"2025-01-17 05:00:00",22745,28472
"2025-01-17 05:10:00",21868,
"2025-01-17 05:20:00",21874,
"2025-01-17 05:30:00",23179,
"2025-01-17 05:40:00",22265,
"2025-01-17 05:50:00",21897,
"2025-01-17 06:00:00",21779,28521
"2025-01-17 06:10:00",21407,
"2025-01-17 06:20:00",22794,
"2025-01-17 06:30:00",22881,
"2025-01-17 06:40:00",22701,
"2025-01-17 06:50:00",22336,
"2025-01-17 07:00:00",22473,28651
"2025-01-17 07:10:00",22480,
"2025-01-17 07:20:00",22273,
"2025-01-17 07:30:00",21619,
"2025-01-17 07:40:00",21378,
"2025-01-17 07:50:00",21125,
"2025-01-17 08:00:00",21082,28721
"2025-01-17 08:10:00",20742,
"2025-01-17 08:20:00",20006,
"2025-01-17 08:30:00",19141,
"2025-01-17 08:40:00",18272,
"2025-01-17 08:50:00",17627,
"2025-01-17 09:00:00",17317,28692
"2025-01-17 09:10:00",16847,
"2025-01-17 09:20:00",16646,
"2025-01-17 09:30:00",15620,
"2025-01-17 09:40:00",15742,
"2025-01-17 09:50:00",16702,
"2025-01-17 10:00:00",17722,28921
"2025-01-17 10:10:00",20574,
"2025-01-17 10:20:00",21635,
"2025-01-17 10:30:00",23352,
"2025-01-17 10:40:00",26170,
"2025-01-17 10:50:00",28421,
"2025-01-17 11:00:00",28322,29087
"2025-01-17 11:10:00",28089,
"2025-01-17 11:20:00",28617,
"2025-01-17 11:30:00",26936,
"2025-01-17 11:40:00",26916,
"2025-01-17 11:50:00",27898,
"2025-01-17 12:00:00",27812,29413
"2025-01-17 12:10:00",29016,
"2025-01-17 12:20:00",30286,
"2025-01-17 12:30:00",31004,
"2025-01-17 12:40:00",30778,
"2025-01-17 12:50:00",30648,
"2025-01-17 13:00:00",30990,29531
"2025-01-17 13:10:00",30755,
"2025-01-17 13:20:00",30970,
"2025-01-17 13:30:00",30984,
"2025-01-17 13:40:00",31459,
"2025-01-17 13:50:00",31475,
"2025-01-17 14:00:00",31922,29548
"2025-01-17 14:10:00",32208,
"2025-01-17 14:20:00",32036,
"2025-01-17 14:30:00",32015,
"2025-01-17 14:40:00",29537,
"2025-01-17 14:50:00",29470,
"2025-01-17 15:00:00",29680,29437
"2025-01-17 15:10:00",29769,
"2025-01-17 15:20:00",30141,
"2025-01-17 15:30:00",30283,
"2025-01-17 15:40:00",30514,
"2025-01-17 15:50:00",30765,
"2025-01-17 16:00:00",31917,29311
"2025-01-17 16:10:00",31974,
"2025-01-17 16:20:00",31714,
"2025-01-17 16:30:00",31709,
"2025-01-17 16:40:00",31762,
"2025-01-17 16:50:00",31997,
"2025-01-17 17:00:00",33653,29222
"2025-01-17 17:10:00",34089,
"2025-01-17 17:20:00",34035,
"2025-01-17 17:30:00",34336,
"2025-01-17 17:40:00",34740,
"2025-01-17 17:50:00",34880,
"2025-01-17 18:00:00",34985,29115
"2025-01-17 18:10:00",34249,
"2025-01-17 18:20:00",33841,
"2025-01-17 18:30:00",33682,
"2025-01-17 18:40:00",34138,
"2025-01-17 18:50:00",34212,
"2025-01-17 19:00:00",34046,28967
"2025-01-17 19:10:00",33904,
"2025-01-17 19:20:00",33386,
"2025-01-17 19:30:00",33430,
"2025-01-17 19:40:00",32786,
"2025-01-17 19:50:00",32627,
"2025-01-17 20:00:00",32057,28767
"2025-01-17 20:10:00",31918,
"2025-01-17 20:20:00",31763,
"2025-01-17 20:30:00",31660,
"2025-01-17 20:40:00",31618,
"2025-01-17 20:50:00",31460,
"2025-01-17 21:00:00",31157,28617
"2025-01-17 21:10:00",31024,
"2025-01-17 21:20:00",30514,
"2025-01-17 21:30:00",30046,
"2025-01-17 21:40:00",29329,
"2025-01-17 21:50:00",29098,
"2025-01-17 22:00:00",28838,28425
"2025-01-17 22:10:00",28420,
"2025-01-17 22:20:00",27938,
"2025-01-17 22:30:00",28406,
"2025-01-17 22:40:00",28705,
"2025-01-17 22:50:00",28525,
"2025-01-17 23:00:00",28168,28336
"2025-01-17 23:10:00",26283,
"2025-01-17 23:20:00",25214,
"2025-01-17 23:30:00",26875,
"2025-01-17 23:40:00",26169,
"2025-01-17 23:50:00",26134,
"2025-01-18 00:00:00",25999,28199
"2025-01-18 00:10:00",25768,
"2025-01-18 00:20:00",25390,
"2025-01-18 00:30:00",25135,
"2025-01-18 00:40:00",24869,
"2025-01-18 00:50:00",24801,
"2025-01-18 01:00:00",24767,28150
"2025-01-18 01:10:00",24355,
"2025-01-18 01:20:00",24038,
"2025-01-18 01:30:00",25611,
"2025-01-18 01:40:00",25942,
"2025-01-18 01:50:00",25819,
"2025-01-18 02:00:00",25837,28096
"2025-01-18 02:10:00",25234,
"2025-01-18 02:20:00",25770,
"2025-01-18 02:30:00",25696,
"2025-01-18 02:40:00",25914,
"2025-01-18 02:50:00",25790,
"2025-01-18 03:00:00",25585,28086
"2025-01-18 03:10:00",25495,
"2025-01-18 03:20:00",25410,
"2025-01-18 03:30:00",25115,
"2025-01-18 03:40:00",25009,
"2025-01-18 03:50:00",24706,
"2025-01-18 04:00:00",24355,28094
"2025-01-18 04:10:00",24158,
"2025-01-18 04:20:00",24104,
"2025-01-18 04:30:00",23835,
"2025-01-18 04:40:00",24114,
"2025-01-18 04:50:00",23860,
"2025-01-18 05:00:00",23993,28149
"2025-01-18 05:10:00",23961,
"2025-01-18 05:20:00",23710,
"2025-01-18 05:30:00",23324,
"2025-01-18 05:40:00",24709,
"2025-01-18 05:50:00",24449,
"2025-01-18 06:00:00",26076,28266
"2025-01-18 06:10:00",25322,
"2025-01-18 06:20:00",25057,
"2025-01-18 06:30:00",25430,
"2025-01-18 06:40:00",25153,
"2025-01-18 06:50:00",25155,
"2025-01-18 07:00:00",24964,28348
"2025-01-18 07:10:00",24900,
"2025-01-18 07:20:00",24595,
"2025-01-18 07:30:00",24444,
"2025-01-18 07:40:00",24319,
"2025-01-18 07:50:00",24324,
"2025-01-18 08:00:00",24446,28468
"2025-01-18 08:10:00",24215,
"2025-01-18 08:20:00",23689,
"2025-01-18 08:30:00",23441,
"2025-01-18 08:40:00",23676,
"2025-01-18 08:50:00",23144,
"2025-01-18 09:00:00",23007,28737
"2025-01-18 09:10:00",22837,
"2025-01-18 09:20:00",22839,
"2025-01-18 09:30:00",22950,
"2025-01-18 09:40:00",23741,
"2025-01-18 09:50:00",24278,
"2025-01-18 10:00:00",24229,28706
"2025-01-18 10:10:00",23950,
"2025-01-18 10:20:00",25522,
"2025-01-18 10:30:00",26323,
"2025-01-18 10:40:00",26514,
"2025-01-18 10:50:00",27715,
"2025-01-18 11:00:00",25621,28710
"2025-01-18 11:10:00",25598,
"2025-01-18 11:20:00",25663,
"2025-01-18 11:30:00",25755,
"2025-01-18 11:40:00",25241,
"2025-01-18 11:50:00",28723,
"2025-01-18 12:00:00",30637,28734
"2025-01-18 12:10:00",30583,
"2025-01-18 12:20:00",30890,
"2025-01-18 12:30:00",30973,
"2025-01-18 12:40:00",31375,
"2025-01-18 12:50:00",31512,
"2025-01-18 13:00:00",31230,28774
"2025-01-18 13:10:00",30724,
"2025-01-18 13:20:00",31043,
"2025-01-18 13:30:00",31491,
"2025-01-18 13:40:00",31678,
"2025-01-18 13:50:00",32539,
"2025-01-18 14:00:00",32759,28807
"2025-01-18 14:10:00",32519,
"2025-01-18 14:20:00",32070,
"2025-01-18 14:30:00",31999,
"2025-01-18 14:40:00",32483,
"2025-01-18 14:50:00",33011,
"2025-01-18 15:00:00",33489,28933
"2025-01-18 15:10:00",33438,
"2025-01-18 15:20:00",33847,
"2025-01-18 15:30:00",33884,
"2025-01-18 15:40:00",33957,
"2025-01-18 15:50:00",33958,
"2025-01-18 16:00:00",33847,29034
"2025-01-18 16:10:00",33345,
"2025-01-18 16:20:00",34171,
"2025-01-18 16:30:00",34416,
"2025-01-18 16:40:00",34545,
"2025-01-18 16:50:00",34504,
"2025-01-18 17:00:00",34135,29005
"2025-01-18 17:10:00",33767,
"2025-01-18 17:20:00",33695,
"2025-01-18 17:30:00",33919,
"2025-01-18 17:40:00",33687,
"2025-01-18 17:50:00",33823,
"2025-01-18 18:00:00",33929,28965
"2025-01-18 18:10:00",33700,
"2025-01-18 18:20:00",33035,
"2025-01-18 18:30:00",32823,
"2025-01-18 18:40:00",32594,
"2025-01-18 18:50:00",32133,
"2025-01-18 19:00:00",32158,28891
"2025-01-18 19:10:00",31768,
"2025-01-18 19:20:00",32060,
"2025-01-18 19:30:00",31755,
"2025-01-18 19:40:00",31505,
"2025-01-18 19:50:00",31151,
"2025-01-18 20:00:00",30783,28843
"2025-01-18 20:10:00",30376,
"2025-01-18 20:20:00",30640,
"2025-01-18 20:30:00",30652,
"2025-01-18 20:40:00",30515,
"2025-01-18 20:50:00",30467,
"2025-01-18 21:00:00",30313,28812
"2025-01-18 21:10:00",29902,
"2025-01-18 21:20:00",29438,
"2025-01-18 21:30:00",29018,
"2025-01-18 21:40:00",28578,
"2025-01-18 21:50:00",28260,
"2025-01-18 22:00:00",28343,28812
"2025-01-18 22:10:00",28842,
"2025-01-18 22:20:00",28565,
"2025-01-18 22:30:00",28285,
"2025-01-18 22:40:00",28075,
"2025-01-18 22:50:00",28011,
"2025-01-18 23:00:00",28254,28815
"2025-01-18 23:10:00",27891,
"2025-01-18 23:20:00",27363,
"2025-01-18 23:30:00",27199,
"2025-01-18 23:40:00",26773,
"2025-01-18 23:50:00",26443,
"2025-01-19 00:00:00",26326,28827
"2025-01-19 00:10:00",25747,
"2025-01-19 00:20:00",25067,
"2025-01-19 00:30:00",24759,
"2025-01-19 00:40:00",24533,
"2025-01-19 00:50:00",24027,
"2025-01-19 01:00:00",24086,28754
"2025-01-19 01:10:00",24086,
"2025-01-19 01:20:00",23810,
"2025-01-19 01:30:00",23653,
"2025-01-19 01:40:00",23473,
"2025-01-19 01:50:00",23829,
"2025-01-19 02:00:00",23939,28678
"2025-01-19 02:10:00",23712,
"2025-01-19 02:20:00",23534,
"2025-01-19 02:30:00",23454,
"2025-01-19 02:40:00",23086,
"2025-01-19 02:50:00",22976,
"2025-01-19 03:00:00",22876,28580
"2025-01-19 03:10:00",23031,
"2025-01-19 03:20:00",23046,
"2025-01-19 03:30:00",22708,
"2025-01-19 03:40:00",22747,
"2025-01-19 03:50:00",22830,
"2025-01-19 04:00:00",22804,28519
"2025-01-19 04:10:00",22345,
"2025-01-19 04:20:00",22021,
"2025-01-19 04:30:00",22236,
"2025-01-19 04:40:00",22105,
"2025-01-19 04:50:00",21931,
"2025-01-19 05:00:00",22233,28427
"2025-01-19 05:10:00",21881,
"2025-01-19 05:20:00",21555,
"2025-01-19 05:30:00",22445,
"2025-01-19 05:40:00",20356,
"2025-01-19 05:50:00",19157,
"2025-01-19 06:00:00",19433,28209
"2025-01-19 06:10:00",19078,
"2025-01-19 06:20:00",20143,
"2025-01-19 06:30:00",19493,
"2025-01-19 06:40:00",19263,
"2025-01-19 06:50:00",20737,
"2025-01-19 07:00:00",20601,28043
"2025-01-19 07:10:00",20401,
"2025-01-19 07:20:00",20176,
"2025-01-19 07:30:00",20138,
"2025-01-19 07:40:00",20023,
"2025-01-19 07:50:00",19984,
"2025-01-19 08:00:00",19489,27995
"2025-01-19 08:10:00",21594,
"2025-01-19 08:20:00",22710,
"2025-01-19 08:30:00",23019,
"2025-01-19 08:40:00",22322,
"2025-01-19 08:50:00",22104,
"2025-01-19 09:00:00",21993,27919
"2025-01-19 09:10:00",21394,
"2025-01-19 09:20:00",21408,
"2025-01-19 09:30:00",21612,
"2025-01-19 09:40:00",21760,
"2025-01-19 09:50:00",22212,
"2025-01-19 10:00:00",22722,27904
"2025-01-19 10:10:00",23370,
"2025-01-19 10:20:00",22958,
"2025-01-19 10:30:00",23513,
"2025-01-19 10:40:00",25022,
"2025-01-19 10:50:00",27168,
"2025-01-19 11:00:00",28416,27956
"2025-01-19 11:10:00",28259,
"2025-01-19 11:20:00",28106,
"2025-01-19 11:30:00",28256,
"2025-01-19 11:40:00",29737,
"2025-01-19 11:50:00",29966,
"2025-01-19 12:00:00",30261,27907
"2025-01-19 12:10:00",30323,
"2025-01-19 12:20:00",30278,
"2025-01-19 12:30:00",30380,
"2025-01-19 12:40:00",30235,
"2025-01-19 12:50:00",30229,
"2025-01-19 13:00:00",30281,27900
"2025-01-19 13:10:00",30203,
"2025-01-19 13:20:00",30367,
"2025-01-19 13:30:00",30469,
"2025-01-19 13:40:00",31901,
"2025-01-19 13:50:00",32465,
"2025-01-19 14:00:00",32679,27881
"2025-01-19 14:10:00",32561,
"2025-01-19 14:20:00",32175,
"2025-01-19 14:30:00",31928,
"2025-01-19 14:40:00",32110,
"2025-01-19 14:50:00",32169,
"2025-01-19 15:00:00",32358,27846
"2025-01-19 15:10:00",32540,
"2025-01-19 15:20:00",32645,
"2025-01-19 15:30:00",32821,
"2025-01-19 15:40:00",32911,
"2025-01-19 15:50:00",33265,
"2025-01-19 16:00:00",33464,27823
"2025-01-19 16:10:00",33560,
"2025-01-19 16:20:00",33814,
"2025-01-19 16:30:00",33648,
"2025-01-19 16:40:00",33608,
"2025-01-19 16:50:00",34160,
"2025-01-19 17:00:00",34079,27812
"2025-01-19 17:10:00",32277,
"2025-01-19 17:20:00",31865,
"2025-01-19 17:30:00",31942,
"2025-01-19 17:40:00",31672,
"2025-01-19 17:50:00",33276,
"2025-01-19 18:00:00",33358,27779
"2025-01-19 18:10:00",33111,
"2025-01-19 18:20:00",32770,
"2025-01-19 18:30:00",32778,
"2025-01-19 18:40:00",32543,
"2025-01-19 18:50:00",32417,
"2025-01-19 19:00:00",32484,27785
"2025-01-19 19:10:00",32286,
"2025-01-19 19:20:00",31976,
"2025-01-19 19:30:00",31779,
"2025-01-19 19:40:00",31493,
"2025-01-19 19:50:00",31634,
"2025-01-19 20:00:00",31476,27807
"2025-01-19 20:10:00",31189,
"2025-01-19 20:20:00",29969,
"2025-01-19 20:30:00",29860,
"2025-01-19 20:40:00",29921,
"2025-01-19 20:50:00",29860,
"2025-01-19 21:00:00",29641,27775
"2025-01-19 21:10:00",29536,
"2025-01-19 21:20:00",28949,
"2025-01-19 21:30:00",28614,
"2025-01-19 21:40:00",28412,
"2025-01-19 21:50:00",28061,
"2025-01-19 22:00:00",27844,27734
"2025-01-19 22:10:00",27436,
"2025-01-19 22:20:00",27732,
"2025-01-19 22:30:00",27930,
"2025-01-19 22:40:00",27536,
"2025-01-19 22:50:00",27110,
"2025-01-19 23:00:00",26755,27672
"2025-01-19 23:10:00",26311,
"2025-01-19 23:20:00",26125,
"2025-01-19 23:30:00",26478,
"2025-01-19 23:40:00",26057,
"2025-01-19 23:50:00",25816,
"2025-01-20 00:00:00",25625,27657
"2025-01-20 00:10:00",25912,
"2025-01-20 00:20:00",25304,
"2025-01-20 00:30:00",25089,
"2025-01-20 00:40:00",25182,
"2025-01-20 00:50:00",25313,
"2025-01-20 01:00:00",25233,27707
"2025-01-20 01:10:00",24639,
"2025-01-20 01:20:00",23766,
"2025-01-20 01:30:00",23754,
"2025-01-20 01:40:00",23179,
"2025-01-20 01:50:00",23186,
"2025-01-20 02:00:00",25290,27766
"2025-01-20 02:10:00",25187,
"2025-01-20 02:20:00",24821,
"2025-01-20 02:30:00",25085,
"2025-01-20 02:40:00",24697,
"2025-01-20 02:50:00",23540,
"2025-01-20 03:00:00",23320,27781
"2025-01-20 03:10:00",23053,
"2025-01-20 03:20:00",22491,
"2025-01-20 03:30:00",22271,
"2025-01-20 03:40:00",22065,
"2025-01-20 03:50:00",21799,
"2025-01-20 04:00:00",21544,27735
"2025-01-20 04:10:00",20962,
"2025-01-20 04:20:00",20128,
"2025-01-20 04:30:00",19832,
"2025-01-20 04:40:00",19450,
"2025-01-20 04:50:00",19920,
"2025-01-20 05:00:00",19190,27608
"2025-01-20 05:10:00",19094,
"2025-01-20 05:20:00",18333,27608